Estacion,Fecha inicial,Fecha final,PM10
CAM NORTE,2021 Mar 29 12:00:00 AM,,"11,4"
CAM NORTE,2021 Mar 26 12:00:00 AM,,"11,03"
CAM NORTE,2021 Mar 23 12:00:00 AM,,"10,42"
CAM NORTE,2021 Mar 20 12:00:00 AM,,"12,91"
CAM NORTE,2021 Mar 17 12:00:00 AM,,"14,31"
CAM NORTE,2021 Mar 14 12:00:00 AM,,"7,23"
CAM NORTE,2021 Mar 11 12:00:00 AM,,15
CAM NORTE,2021 Mar 08 12:00:00 AM,,"13,69"
CAM NORTE,2021 Mar 05 12:00:00 AM,,"10,6"
CAM NORTE,2021 Mar 02 12:00:00 AM,,"11,08"
CAM NORTE,2021 Feb 28 12:00:00 AM,,"10,33"
CAM NORTE,2021 Feb 26 12:00:00 AM,,"15,03"
CAM NORTE,2021 Feb 23 12:00:00 AM,,"13,65"
CAM NORTE,2021 Feb 20 12:00:00 AM,,"13,05"
CAM NORTE,2021 Feb 17 12:00:00 AM,,"10,42"
CAM NORTE,2021 Feb 14 12:00:00 AM,,"13,44"
CAM NORTE,2021 Feb 11 12:00:00 AM,,11
CAM NORTE,2021 Feb 08 12:00:00 AM,,"9,87"
CAM NORTE,2021 Feb 05 12:00:00 AM,,"9,1"
CAM NORTE,2021 Feb 02 12:00:00 AM,,"12,19"
CAM NORTE,2021 Jan 31 12:00:00 AM,,"10,28"
CAM NORTE,2021 Jan 28 12:00:00 AM,,"10,96"
CAM NORTE,2021 Jan 25 12:00:00 AM,,"9,42"
CAM NORTE,2021 Jan 22 12:00:00 AM,,"8,95"
CAM NORTE,2021 Jan 19 12:00:00 AM,,"6,77"
CAM NORTE,2021 Jan 16 12:00:00 AM,,"10,47"
CAM NORTE,2021 Jan 13 12:00:00 AM,,"11,66"
CAM NORTE,2021 Jan 10 12:00:00 AM,,"9,41"
CAM NORTE,2021 Jan 07 12:00:00 AM,,"8,39"
CAM NORTE,2021 Jan 04 12:00:00 AM,,"7,32"
CAM NORTE,2020 Dec 29 12:00:00 AM,,"8,03"
CAM NORTE,2020 Dec 26 12:00:00 AM,,"9,02"
CAM NORTE,2020 Dec 23 12:00:00 AM,,"10,87"
CAM NORTE,2020 Dec 20 12:00:00 AM,,"11,36"
CAM NORTE,2020 Dec 17 12:00:00 AM,,"14,21"
CAM NORTE,2020 Dec 14 12:00:00 AM,,"7,96"
CAM NORTE,2020 Dec 11 12:00:00 AM,,"11,61"
CAM NORTE,2020 Dec 08 12:00:00 AM,,"18,28"
CAM NORTE,2020 Dec 05 12:00:00 AM,,"16,31"
CAM NORTE,2020 Dec 02 12:00:00 AM,,"19,29"
CAM NORTE,2020 Nov 30 12:00:00 AM,,"6,94"
CAM NORTE,2020 Nov 27 12:00:00 AM,,"7,07"
CAM NORTE,2020 Nov 24 12:00:00 AM,,"7,94"
CAM NORTE,2020 Nov 21 12:00:00 AM,,"7,22"
CAM NORTE,2020 Nov 18 12:00:00 AM,,"8,02"
CAM NORTE,2020 Nov 15 12:00:00 AM,,"10,34"
CAM NORTE,2020 Nov 12 12:00:00 AM,,11
CAM NORTE,2020 Nov 09 12:00:00 AM,,"7,97"
CAM NORTE,2020 Nov 06 12:00:00 AM,,"7,12"
CAM NORTE,2020 Nov 03 12:00:00 AM,,"12,71"
CAM NORTE,2020 Oct 29 12:00:00 AM,,"11,65"
CAM NORTE,2020 Oct 26 12:00:00 AM,,"11,35"
CAM NORTE,2020 Oct 23 12:00:00 AM,,"9,23"
CAM NORTE,2020 Oct 20 12:00:00 AM,,"9,61"
CAM NORTE,2020 Oct 17 12:00:00 AM,,"13,18"
CAM NORTE,2020 Oct 14 12:00:00 AM,,"13,79"
CAM NORTE,2020 Oct 11 12:00:00 AM,,"12,09"
CAM NORTE,2020 Oct 08 12:00:00 AM,,"12,38"
CAM NORTE,2020 Oct 05 12:00:00 AM,,"12,87"
CAM NORTE,2020 Oct 02 12:00:00 AM,,"16,52"
CAM NORTE,2020 Sep 29 12:00:00 AM,,"32,5"
CAM NORTE,2020 Sep 26 12:00:00 AM,,"28,75"
CAM NORTE,2020 Sep 23 12:00:00 AM,,"20,42"
CAM NORTE,2020 Sep 20 12:00:00 AM,,"9,99"
CAM NORTE,2020 Sep 17 12:00:00 AM,,"21,25"
CAM NORTE,2020 Sep 14 12:00:00 AM,,"26,66"
CAM NORTE,2020 Sep 11 12:00:00 AM,,"19,16"
CAM NORTE,2020 Sep 08 12:00:00 AM,,"22,5"
CAM NORTE,2020 Sep 05 12:00:00 AM,,"21,25"
CAM NORTE,2020 Sep 02 12:00:00 AM,,"18,33"
CAM NORTE,2020 Aug 25 12:00:00 AM,,"24,16"
CAM NORTE,2020 Aug 23 12:00:00 AM,,"14,79"
CAM NORTE,2020 Aug 21 12:00:00 AM,,"10,27"
CAM NORTE,2020 Aug 19 12:00:00 AM,,"16,04"
CAM NORTE,2020 Aug 17 12:00:00 AM,,"21,75"
CAM NORTE,2020 Aug 15 12:00:00 AM,,"16,04"
CAM NORTE,2020 Aug 13 12:00:00 AM,,"17,05"
CAM NORTE,2020 Aug 11 12:00:00 AM,,"20,54"
CAM NORTE,2020 Aug 09 12:00:00 AM,,"18,59"
CAM NORTE,2020 Aug 07 12:00:00 AM,,"20,75"
CAM NORTE,2020 Jul 30 12:00:00 AM,,"24,07"
CAM NORTE,2020 Jul 28 12:00:00 AM,,"25,08"
CAM NORTE,2020 Jul 26 12:00:00 AM,,"31,22"
CAM NORTE,2020 Jul 24 12:00:00 AM,,"16,73"
CAM NORTE,2020 Jul 22 12:00:00 AM,,"24,33"
CAM NORTE,2020 Jul 20 12:00:00 AM,,"18,68"
CAM NORTE,2020 Jul 18 12:00:00 AM,,"16,6"
CAM NORTE,2020 Jul 16 12:00:00 AM,,"29,86"
CAM NORTE,2020 Jul 14 12:00:00 AM,,"30,74"
CAM NORTE,2020 Jul 12 12:00:00 AM,,"26,56"
CAM NORTE,2020 Jul 10 12:00:00 AM,,"23,63"
CAM NORTE,2020 Jul 08 12:00:00 AM,,"20,24"
CAM NORTE,2020 Jul 06 12:00:00 AM,,"18,56"
CAM NORTE,2020 Jul 04 12:00:00 AM,,"27,16"
CAM NORTE,2020 Jul 02 12:00:00 AM,,"24,27"
CAM NORTE,2020 Jun 30 12:00:00 AM,,"15,43"
CAM NORTE,2020 Jun 28 12:00:00 AM,,"19,12"
CAM NORTE,2020 Jun 26 12:00:00 AM,,"13,05"
CAM NORTE,2020 Jun 24 12:00:00 AM,,"28,08"
CAM NORTE,2020 Jun 22 12:00:00 AM,,"27,48"
CAM NORTE,2020 Jun 20 12:00:00 AM,,"23,3"
CAM NORTE,2020 Jun 18 12:00:00 AM,,"27,57"
CAM NORTE,2020 Jun 16 12:00:00 AM,,"24,56"
CAM NORTE,2020 Jun 14 12:00:00 AM,,"28,62"
CAM NORTE,2020 Jun 12 12:00:00 AM,,"14,62"
CAM NORTE,2020 Jun 10 12:00:00 AM,,"18,69"
CAM NORTE,2020 Jun 08 12:00:00 AM,,"18,12"
CAM NORTE,2020 Jun 06 12:00:00 AM,,"18,58"
CAM NORTE,2020 Jun 04 12:00:00 AM,,"23,19"
CAM NORTE,2020 Jun 02 12:00:00 AM,,"19,24"
CAM NORTE,2020 May 29 12:00:00 AM,,"22,7"
CAM NORTE,2020 May 27 12:00:00 AM,,"14,72"
CAM NORTE,2020 May 25 12:00:00 AM,,"21,65"
CAM NORTE,2020 May 23 12:00:00 AM,,"16,04"
CAM NORTE,2020 May 21 12:00:00 AM,,"20,48"
CAM NORTE,2020 May 19 12:00:00 AM,,"22,99"
CAM NORTE,2020 May 17 12:00:00 AM,,"22,97"
CAM NORTE,2020 May 15 12:00:00 AM,,"16,67"
CAM NORTE,2020 May 13 12:00:00 AM,,"15,95"
CAM NORTE,2020 May 11 12:00:00 AM,,"23,75"
CAM NORTE,2020 May 09 12:00:00 AM,,"22,03"
CAM NORTE,2020 May 07 12:00:00 AM,,"19,06"
CAM NORTE,2020 May 05 12:00:00 AM,,"18,65"
CAM NORTE,2020 May 03 12:00:00 AM,,"16,35"
CAM NORTE,2020 May 01 12:00:00 AM,,"12,79"
CAM NORTE,2020 Mar 21 12:00:00 AM,,"20,22"
CAM NORTE,2020 Mar 19 12:00:00 AM,,"13,5"
CAM NORTE,2020 Mar 17 12:00:00 AM,,"15,29"
CAM NORTE,2020 Mar 15 12:00:00 AM,,"28,47"
CAM NORTE,2020 Mar 13 12:00:00 AM,,"23,09"
CAM NORTE,2020 Mar 11 12:00:00 AM,,"26,32"
CAM NORTE,2020 Mar 09 12:00:00 AM,,"14,12"
CAM NORTE,2020 Mar 07 12:00:00 AM,,"22,86"
CAM NORTE,2020 Mar 05 12:00:00 AM,,"18,4"
CAM NORTE,2020 Mar 03 12:00:00 AM,,"15,31"
CAM NORTE,2020 Feb 29 12:00:00 AM,,"19,76"
CAM NORTE,2020 Feb 26 12:00:00 AM,,"15,08"
CAM NORTE,2020 Feb 23 12:00:00 AM,,"18,32"
CAM NORTE,2020 Feb 20 12:00:00 AM,,"29,12"
CAM NORTE,2020 Feb 17 12:00:00 AM,,"18,26"
CAM NORTE,2020 Feb 14 12:00:00 AM,,"19,94"
CAM NORTE,2020 Feb 11 12:00:00 AM,,"20,24"
CAM NORTE,2020 Feb 08 12:00:00 AM,,"15,7"
CAM NORTE,2020 Feb 05 12:00:00 AM,,"21,62"
CAM NORTE,2020 Feb 03 12:00:00 AM,,"16,86"
CAM NORTE,2020 Jan 30 12:00:00 AM,,"18,71"
CAM NORTE,2020 Jan 27 12:00:00 AM,,"24,1"
CAM NORTE,2020 Jan 24 12:00:00 AM,,"25,32"
CAM NORTE,2020 Jan 21 12:00:00 AM,,"22,03"
CAM NORTE,2020 Jan 18 12:00:00 AM,,"30,21"
CAM NORTE,2020 Jan 15 12:00:00 AM,,"14,59"
CAM NORTE,2020 Jan 12 12:00:00 AM,,"19,73"
CAM NORTE,2020 Jan 09 12:00:00 AM,,"25,92"
CAM NORTE,2020 Jan 06 12:00:00 AM,,"21,96"
CAM NORTE,2020 Jan 03 12:00:00 AM,,"19,09"
CAM NORTE,2019 Dec 30 12:00:00 AM,,"36,39683735"
CAM NORTE,2019 Dec 27 12:00:00 AM,,"28,12876506"
CAM NORTE,2019 Dec 24 12:00:00 AM,,"24,55363841"
CAM NORTE,2019 Dec 21 12:00:00 AM,,"22,7221172"
CAM NORTE,2019 Dec 18 12:00:00 AM,,"24,38675696"
CAM NORTE,2019 Dec 15 12:00:00 AM,,"19,22213912"
CAM NORTE,2019 Dec 12 12:00:00 AM,,"19,82986767"
CAM NORTE,2019 Dec 09 12:00:00 AM,,"17,5716946"
CAM NORTE,2019 Dec 06 12:00:00 AM,,"16,77798861"
CAM NORTE,2019 Dec 03 12:00:00 AM,,"17,87901991"
CAM NORTE,2019 Nov 28 12:00:00 AM,,"25,22966867"
CAM NORTE,2019 Nov 25 12:00:00 AM,,"30,12048193"
CAM NORTE,2019 Nov 22 12:00:00 AM,,"27,62565641"
CAM NORTE,2019 Nov 19 12:00:00 AM,,"23,18714556"
CAM NORTE,2019 Nov 16 12:00:00 AM,,"18,1903687"
CAM NORTE,2019 Nov 13 12:00:00 AM,,20
CAM NORTE,2019 Nov 10 12:00:00 AM,,"18,22306238"
CAM NORTE,2019 Nov 07 12:00:00 AM,,"19,75046555"
CAM NORTE,2019 Nov 04 12:00:00 AM,,"15,59772296"
CAM NORTE,2019 Nov 01 12:00:00 AM,,"20,8805513"
CAM NORTE,2019 Oct 29 12:00:00 AM,,"28,42243976"
CAM NORTE,2019 Oct 26 12:00:00 AM,,"27,58283133"
CAM NORTE,2019 Oct 23 12:00:00 AM,,"29,21980495"
CAM NORTE,2019 Oct 20 12:00:00 AM,,"28,6389414"
CAM NORTE,2019 Oct 17 12:00:00 AM,,"28,43115124"
CAM NORTE,2019 Oct 14 12:00:00 AM,,"29,67838444"
CAM NORTE,2019 Oct 11 12:00:00 AM,,"34,45746692"
CAM NORTE,2019 Oct 08 12:00:00 AM,,"27,57541899"
CAM NORTE,2019 Oct 05 12:00:00 AM,,"27,40796964"
CAM NORTE,2019 Oct 02 12:00:00 AM,,"22,15926493"
CAM NORTE,2019 Sep 30 12:00:00 AM,,"37,32304217"
CAM NORTE,2019 Sep 27 12:00:00 AM,,"36,37048193"
CAM NORTE,2019 Sep 24 12:00:00 AM,,"32,61065266"
CAM NORTE,2019 Sep 21 12:00:00 AM,,"31,35349716"
CAM NORTE,2019 Sep 18 12:00:00 AM,,"29,22874342"
CAM NORTE,2019 Sep 15 12:00:00 AM,,"29,06881077"
CAM NORTE,2019 Sep 12 12:00:00 AM,,"29,61436673"
CAM NORTE,2019 Sep 09 12:00:00 AM,,"30,62942272"
CAM NORTE,2019 Sep 06 12:00:00 AM,,"31,22201139"
CAM NORTE,2019 Sep 03 12:00:00 AM,,"20,0229709"
CAM NORTE,2019 Aug 30 12:00:00 AM,,"30,53840361"
CAM NORTE,2019 Aug 27 12:00:00 AM,,"31,53614458"
CAM NORTE,2019 Aug 24 12:00:00 AM,,"25,69767442"
CAM NORTE,2019 Aug 21 12:00:00 AM,,"23,60302457"
CAM NORTE,2019 Aug 18 12:00:00 AM,,"27,84800602"
CAM NORTE,2019 Aug 15 12:00:00 AM,,"24,52131638"
CAM NORTE,2019 Aug 12 12:00:00 AM,,"22,97542533"
CAM NORTE,2019 Aug 09 12:00:00 AM,,"21,72067039"
CAM NORTE,2019 Aug 06 12:00:00 AM,,"15,25616698"
CAM NORTE,2019 Aug 03 12:00:00 AM,,"19,15007657"
CAM NORTE,2019 Jul 30 12:00:00 AM,,"18,21536145"
CAM NORTE,2019 Jul 27 12:00:00 AM,,"26,15587349"
CAM NORTE,2019 Jul 24 12:00:00 AM,,"31,79669917"
CAM NORTE,2019 Jul 21 12:00:00 AM,,"31,11531191"
CAM NORTE,2019 Jul 18 12:00:00 AM,,"24,56358164"
CAM NORTE,2019 Jul 15 12:00:00 AM,,"25,46372476"
CAM NORTE,2019 Jul 12 12:00:00 AM,,"28,43100189"
CAM NORTE,2019 Jul 09 12:00:00 AM,,"26,79329609"
CAM NORTE,2019 Jul 06 12:00:00 AM,,"25,21062619"
CAM NORTE,2019 Jul 03 12:00:00 AM,,"21,99464012"
CAM NORTE,2019 Jun 28 12:00:00 AM,,"27,70331325"
CAM NORTE,2019 Jun 25 12:00:00 AM,,"25,5873494"
CAM NORTE,2019 Jun 22 12:00:00 AM,,"30,92648162"
CAM NORTE,2019 Jun 19 12:00:00 AM,,"27,30434783"
CAM NORTE,2019 Jun 16 12:00:00 AM,,"18,57411588"
CAM NORTE,2019 Jun 13 12:00:00 AM,,"22,83096485"
CAM NORTE,2019 Jun 10 12:00:00 AM,,"23,90170132"
CAM NORTE,2019 Jun 07 12:00:00 AM,,"19,74674115"
CAM NORTE,2019 Jun 04 12:00:00 AM,,"19,0512334"
CAM NORTE,2019 Jun 01 12:00:00 AM,,"20,29096478"
CAM NORTE,2019 May 28 12:00:00 AM,,"29,72138554"
CAM NORTE,2019 May 25 12:00:00 AM,,"33,55421687"
CAM NORTE,2019 May 22 12:00:00 AM,,"24,33983496"
CAM NORTE,2019 May 19 12:00:00 AM,,"15,54253308"
CAM NORTE,2019 May 16 12:00:00 AM,,"16,41459744"
CAM NORTE,2019 May 13 12:00:00 AM,,"17,95063575"
CAM NORTE,2019 May 10 12:00:00 AM,,"18,32136106"
CAM NORTE,2019 May 07 12:00:00 AM,,"19,93668529"
CAM NORTE,2019 May 04 12:00:00 AM,,"22,30360531"
CAM NORTE,2019 May 01 12:00:00 AM,,"23,15849923"
CAM NORTE,2019 Apr 29 12:00:00 AM,,"29,78539157"
CAM NORTE,2019 Apr 26 12:00:00 AM,,"32,95557229"
CAM NORTE,2019 Apr 23 12:00:00 AM,,"21,55663916"
CAM NORTE,2019 Apr 20 12:00:00 AM,,"14,44234405"
CAM NORTE,2019 Apr 17 12:00:00 AM,,"22,27990971"
CAM NORTE,2019 Apr 14 12:00:00 AM,,"29,72326103"
CAM NORTE,2019 Apr 11 12:00:00 AM,,"27,83364839"
CAM NORTE,2019 Apr 08 12:00:00 AM,,"21,98137803"
CAM NORTE,2019 Apr 05 12:00:00 AM,,"18,39468691"
CAM NORTE,2019 Apr 02 12:00:00 AM,,"17,69525268"
CAM NORTE,2019 Mar 31 12:00:00 AM,,"25,41792169"
CAM NORTE,2019 Mar 28 12:00:00 AM,,"23,11370482"
CAM NORTE,2019 Mar 25 12:00:00 AM,,"25,34508627"
CAM NORTE,2019 Mar 22 12:00:00 AM,,"24,71833648"
CAM NORTE,2019 Mar 19 12:00:00 AM,,"24,04063205"
CAM NORTE,2019 Mar 16 12:00:00 AM,,"25,58339566"
CAM NORTE,2019 Mar 13 12:00:00 AM,,"25,94328923"
CAM NORTE,2019 Mar 10 12:00:00 AM,,"26,02979516"
CAM NORTE,2019 Mar 07 12:00:00 AM,,"28,38709677"
CAM NORTE,2019 Mar 04 12:00:00 AM,,"27,84073507"
CAM NORTE,2019 Mar 01 12:00:00 AM,,"19,86069277"
CAM NORTE,2019 Feb 26 12:00:00 AM,,"23,78469617"
CAM NORTE,2019 Feb 23 12:00:00 AM,,"28,94139887"
CAM NORTE,2019 Feb 20 12:00:00 AM,,"28,34838224"
CAM NORTE,2019 Feb 17 12:00:00 AM,,"25,52729993"
CAM NORTE,2019 Feb 14 12:00:00 AM,,"27,5463138"
CAM NORTE,2019 Feb 11 12:00:00 AM,,"24,75605214"
CAM NORTE,2019 Feb 08 12:00:00 AM,,"25,4800759"
CAM NORTE,2019 Feb 05 12:00:00 AM,,"27,50382848"
CAM NORTE,2019 Jan 31 12:00:00 AM,,"22,69288956"
CAM NORTE,2019 Jan 29 12:00:00 AM,,"26,45707831"
CAM NORTE,2019 Jan 26 12:00:00 AM,,"23,98349587"
CAM NORTE,2019 Jan 23 12:00:00 AM,,"21,33459357"
CAM NORTE,2019 Jan 20 12:00:00 AM,,"19,43566591"
CAM NORTE,2019 Jan 17 12:00:00 AM,,"18,8145101"
CAM NORTE,2019 Jan 14 12:00:00 AM,,"16,81285444"
CAM NORTE,2019 Jan 11 12:00:00 AM,,"18,34636872"
CAM NORTE,2019 Jan 08 12:00:00 AM,,"19,04364326"
CAM NORTE,2019 Jan 05 12:00:00 AM,,"21,70750383"
CAM NORTE,2018 Dec 30 12:00:00 AM,,"24,39107413"
CAM NORTE,2018 Dec 27 12:00:00 AM,,"22,79743976"
CAM NORTE,2018 Dec 24 12:00:00 AM,,"27,48312078"
CAM NORTE,2018 Dec 21 12:00:00 AM,,"29,51606805"
CAM NORTE,2018 Dec 18 12:00:00 AM,,"28,71331828"
CAM NORTE,2018 Dec 15 12:00:00 AM,,"29,08750935"
CAM NORTE,2018 Dec 12 12:00:00 AM,,"32,05671078"
CAM NORTE,2018 Dec 09 12:00:00 AM,,"35,27746741"
CAM NORTE,2018 Dec 06 12:00:00 AM,,"21,85578748"
CAM NORTE,2018 Dec 03 12:00:00 AM,,"19,52143951"
CAM NORTE,2018 Nov 30 12:00:00 AM,,"30,95310136"
CAM NORTE,2018 Nov 27 12:00:00 AM,,"30,53840361"
CAM NORTE,2018 Nov 24 12:00:00 AM,,"28,03450863"
CAM NORTE,2018 Nov 21 12:00:00 AM,,"22,39697543"
CAM NORTE,2018 Nov 18 12:00:00 AM,,"30,27088036"
CAM NORTE,2018 Nov 15 12:00:00 AM,,"23,40688108"
CAM NORTE,2018 Nov 12 12:00:00 AM,,"27,47826087"
CAM NORTE,2018 Nov 09 12:00:00 AM,,"25,67225326"
CAM NORTE,2018 Nov 06 12:00:00 AM,,"18,86527514"
CAM NORTE,2018 Nov 03 12:00:00 AM,,"13,51071976"
CAM NORTE,2018 Oct 29 12:00:00 AM,,"29,39199396"
CAM NORTE,2018 Oct 26 12:00:00 AM,,"30,32245827"
CAM NORTE,2018 Oct 23 12:00:00 AM,,"37,24604966"
CAM NORTE,2018 Oct 20 12:00:00 AM,,"27,8579524"
CAM NORTE,2018 Oct 17 12:00:00 AM,,"30,98564955"
CAM NORTE,2018 Oct 14 12:00:00 AM,,"28,97920605"
CAM NORTE,2018 Oct 11 12:00:00 AM,,"28,46984363"
CAM NORTE,2018 Oct 08 12:00:00 AM,,"26,69943289"
CAM NORTE,2018 Oct 05 12:00:00 AM,,"27,49620637"
CAM NORTE,2018 Oct 02 12:00:00 AM,,"25,64701378"
CAM NORTE,2018 Sep 28 12:00:00 AM,,"37,76435045"
CAM NORTE,2018 Sep 25 12:00:00 AM,,"34,04021244"
CAM NORTE,2018 Sep 22 12:00:00 AM,,"28,13017306"
CAM NORTE,2018 Sep 19 12:00:00 AM,,"31,12202493"
CAM NORTE,2018 Sep 16 12:00:00 AM,,"29,44864048"
CAM NORTE,2018 Sep 13 12:00:00 AM,,"28,39697543"
CAM NORTE,2018 Sep 10 12:00:00 AM,,"26,23231571"
CAM NORTE,2018 Sep 07 12:00:00 AM,,"28,18903592"
CAM NORTE,2018 Sep 04 12:00:00 AM,,"27,53414264"
CAM NORTE,2018 Sep 01 12:00:00 AM,,"26,68070444"
CAM NORTE,2018 Aug 28 12:00:00 AM,,"31,68944658"
CAM NORTE,2018 Aug 25 12:00:00 AM,,"27,33548794"
CAM NORTE,2018 Aug 22 12:00:00 AM,,"28,07017544"
CAM NORTE,2018 Aug 19 12:00:00 AM,,"26,0131811"
CAM NORTE,2018 Aug 16 12:00:00 AM,,"24,89912222"
CAM NORTE,2018 Aug 13 12:00:00 AM,,"19,50240003"
CAM NORTE,2018 Aug 10 12:00:00 AM,,"26,18806296"
CAM NORTE,2018 Aug 07 12:00:00 AM,,"25,14484441"
CAM NORTE,2018 Aug 04 12:00:00 AM,,"30,07890096"
CAM NORTE,2018 Aug 01 12:00:00 AM,,"25,72909296"
CAM NORTE,2018 Jul 30 12:00:00 AM,,"28,10880727"
CAM NORTE,2018 Jul 27 12:00:00 AM,,"32,15849764"
CAM NORTE,2018 Jul 24 12:00:00 AM,,"24,55397754"
CAM NORTE,2018 Jul 21 12:00:00 AM,,"29,97122436"
CAM NORTE,2018 Jul 18 12:00:00 AM,,"33,06113863"
CAM NORTE,2018 Jul 15 12:00:00 AM,,"21,67868276"
CAM NORTE,2018 Jul 12 12:00:00 AM,,"26,28750645"
CAM NORTE,2018 Jul 09 12:00:00 AM,,"32,50431106"
CAM NORTE,2018 Jul 06 12:00:00 AM,,"25,25944491"
CAM NORTE,2018 Jul 03 12:00:00 AM,,"22,225622"
CAM NORTE,2018 Jun 30 12:00:00 AM,,"37,83818005"
CAM NORTE,2018 Jun 28 12:00:00 AM,,"24,09216438"
CAM NORTE,2018 Jun 26 12:00:00 AM,,"19,81776765"
CAM NORTE,2018 Jun 24 12:00:00 AM,,"36,95169891"
CAM NORTE,2018 Jun 22 12:00:00 AM,,"22,81943997"
CAM NORTE,2018 Jun 20 12:00:00 AM,,"27,57032333"
CAM NORTE,2018 Jun 18 12:00:00 AM,,"35,34263077"
CAM NORTE,2018 Jun 16 12:00:00 AM,,"25,60307502"
CAM NORTE,2018 Jun 14 12:00:00 AM,,"15,4987634"
CAM NORTE,2018 Jan 12 12:00:00 AM,,"28,26086957"
CAM NORTE,2018 Jan 11 12:00:00 AM,,"24,34782609"
CAM NORTE,2018 Jan 10 12:00:00 AM,,"28,26086957"
CAM NORTE,2018 Jan 09 12:00:00 AM,,"22,17391304"
CAM NORTE,2018 Jan 08 12:00:00 AM,,"27,39130435"
CAM NORTE,2018 Jan 07 12:00:00 AM,,"26,52173913"
CAM NORTE,2018 Jan 06 12:00:00 AM,,"20,86956522"
CAM NORTE,2018 Jan 05 12:00:00 AM,,"28,69565217"
CAM NORTE,2018 Jan 04 12:00:00 AM,,"31,73913043"
CAM NORTE,2017 Dec 31 12:00:00 AM,,"12,17391304"
CAM NORTE,2017 Dec 28 12:00:00 AM,,"21,73913043"
CAM NORTE,2017 Dec 25 12:00:00 AM,,"14,7826087"
CAM NORTE,2017 Dec 22 12:00:00 AM,,"20,86956522"
CAM NORTE,2017 Dec 19 12:00:00 AM,,"11,73913043"
CAM NORTE,2017 Dec 16 12:00:00 AM,,"17,82608696"
CAM NORTE,2017 Dec 13 12:00:00 AM,,"25,65217391"
CAM NORTE,2017 Dec 10 12:00:00 AM,,"24,34782609"
CAM NORTE,2017 Dec 07 12:00:00 AM,,"13,47826087"
CAM NORTE,2017 Dec 04 12:00:00 AM,,"23,04347826"
CAM NORTE,2017 Nov 28 12:00:00 AM,,"26,95652174"
CAM NORTE,2017 Nov 25 12:00:00 AM,,"18,26086957"
CAM NORTE,2017 Nov 22 12:00:00 AM,,"15,65217391"
CAM NORTE,2017 Nov 19 12:00:00 AM,,"18,69565217"
CAM NORTE,2017 Nov 16 12:00:00 AM,,"19,56521739"
CAM NORTE,2017 Nov 13 12:00:00 AM,,"17,39130435"
CAM NORTE,2017 Nov 10 12:00:00 AM,,"21,73913043"
CAM NORTE,2017 Nov 07 12:00:00 AM,,"17,82608696"
CAM NORTE,2017 Nov 04 12:00:00 AM,,"21,73913043"
CAM NORTE,2017 Nov 01 12:00:00 AM,,"26,08695652"
CAM NORTE,2017 Oct 29 12:00:00 AM,,"26,95652174"
CAM NORTE,2017 Oct 26 12:00:00 AM,,"25,2173913"
CAM NORTE,2017 Oct 23 12:00:00 AM,,"22,60869565"
CAM NORTE,2017 Oct 20 12:00:00 AM,,"29,56521739"
CAM NORTE,2017 Oct 17 12:00:00 AM,,"20,43478261"
CAM NORTE,2017 Oct 14 12:00:00 AM,,"25,2173913"
CAM NORTE,2017 Oct 11 12:00:00 AM,,"23,47826087"
CAM NORTE,2017 Oct 08 12:00:00 AM,,"26,95652174"
CAM NORTE,2017 Oct 05 12:00:00 AM,,"33,04347826"
CAM NORTE,2017 Oct 02 12:00:00 AM,,"32,17391304"
CAM NORTE,2017 Sep 29 12:00:00 AM,,"20,43478261"
CAM NORTE,2017 Sep 26 12:00:00 AM,,"16,95652174"
CAM NORTE,2017 Sep 23 12:00:00 AM,,"33,91304348"
CAM NORTE,2017 Sep 20 12:00:00 AM,,"18,69565217"
CAM NORTE,2017 Sep 17 12:00:00 AM,,"22,17391304"
CAM NORTE,2017 Sep 14 12:00:00 AM,,"20,86956522"
CAM NORTE,2017 Sep 11 12:00:00 AM,,"22,60869565"
CAM NORTE,2017 Sep 08 12:00:00 AM,,"38,26086957"
CAM NORTE,2017 Sep 05 12:00:00 AM,,"26,52173913"
CAM NORTE,2017 Sep 02 12:00:00 AM,,"13,04347826"
CAM NORTE,2017 Aug 30 12:00:00 AM,,"24,34782609"
CAM NORTE,2017 Aug 27 12:00:00 AM,,"29,13043478"
CAM NORTE,2017 Aug 24 12:00:00 AM,,"22,17391304"
CAM NORTE,2017 Aug 21 12:00:00 AM,,"29,13043478"
CAM NORTE,2017 Aug 18 12:00:00 AM,,"30,43478261"
CAM NORTE,2017 Aug 15 12:00:00 AM,,"36,95652174"
CAM NORTE,2017 Aug 12 12:00:00 AM,,"23,04347826"
CAM NORTE,2017 Aug 09 12:00:00 AM,,"33,47826087"
CAM NORTE,2017 Aug 06 12:00:00 AM,,"24,56521739"
CAM NORTE,2017 Aug 03 12:00:00 AM,,"32,17391304"
CAM NORTE,2017 Jul 28 12:00:00 AM,,30
CAM NORTE,2017 Jul 25 12:00:00 AM,,"33,04347826"
CAM NORTE,2017 Jul 22 12:00:00 AM,,"38,69565217"
CAM NORTE,2017 Jul 19 12:00:00 AM,,"29,13043478"
CAM NORTE,2017 Jul 16 12:00:00 AM,,"21,30434783"
CAM NORTE,2017 Jul 13 12:00:00 AM,,"18,69565217"
CAM NORTE,2017 Jul 10 12:00:00 AM,,"31,73913043"
CAM NORTE,2017 Jul 07 12:00:00 AM,,"19,13043478"
CAM NORTE,2017 Jul 04 12:00:00 AM,,"23,04347826"
CAM NORTE,2017 Jul 01 12:00:00 AM,,"31,73913043"
CAM NORTE,2017 Jun 29 12:00:00 AM,,30
CAM NORTE,2017 Jun 26 12:00:00 AM,,"27,39130435"
CAM NORTE,2017 Jun 23 12:00:00 AM,,"31,30434783"
CAM NORTE,2017 Jun 20 12:00:00 AM,,"26,52173913"
CAM NORTE,2017 Jun 17 12:00:00 AM,,"24,34782609"
CAM NORTE,2017 Jun 14 12:00:00 AM,,"19,13043478"
CAM NORTE,2017 Jun 11 12:00:00 AM,,"27,39130435"
CAM NORTE,2017 Jun 08 12:00:00 AM,,"36,52173913"
CAM NORTE,2017 Jun 05 12:00:00 AM,,"20,86956522"
CAM NORTE,2017 Jun 02 12:00:00 AM,,"21,30434783"
CAM NORTE,2017 May 30 12:00:00 AM,,"18,69565217"
CAM NORTE,2017 May 27 12:00:00 AM,,"20,43478261"
CAM NORTE,2017 May 24 12:00:00 AM,,"23,91304348"
CAM NORTE,2017 May 21 12:00:00 AM,,"22,60869565"
CAM NORTE,2017 May 18 12:00:00 AM,,"28,26086957"
CAM NORTE,2017 May 15 12:00:00 AM,,"30,86956522"
CAM NORTE,2017 May 12 12:00:00 AM,,"18,69565217"
CAM NORTE,2017 May 09 12:00:00 AM,,"27,39130435"
CAM NORTE,2017 May 06 12:00:00 AM,,"29,13043478"
CAM NORTE,2017 May 03 12:00:00 AM,,"25,2173913"
CAM NORTE,2017 Apr 28 12:00:00 AM,,"20,86956522"
CAM NORTE,2017 Apr 25 12:00:00 AM,,"32,17391304"
CAM NORTE,2017 Apr 22 12:00:00 AM,,"24,34782609"
CAM NORTE,2017 Apr 19 12:00:00 AM,,"28,69565217"
CAM NORTE,2017 Apr 16 12:00:00 AM,,"18,26086957"
CAM NORTE,2017 Apr 13 12:00:00 AM,,"19,13043478"
CAM NORTE,2017 Apr 10 12:00:00 AM,,"17,82608696"
CAM NORTE,2017 Apr 07 12:00:00 AM,,"24,34782609"
CAM NORTE,2017 Apr 04 12:00:00 AM,,"16,08695652"
CAM NORTE,2017 Apr 01 12:00:00 AM,,"27,39130435"
CAM NORTE,2017 Mar 29 12:00:00 AM,,"19,13043478"
CAM NORTE,2017 Mar 26 12:00:00 AM,,"15,2173913"
CAM NORTE,2017 Mar 23 12:00:00 AM,,"28,26086957"
CAM NORTE,2017 Mar 20 12:00:00 AM,,"19,56521739"
CAM NORTE,2017 Mar 17 12:00:00 AM,,"22,60869565"
CAM NORTE,2017 Mar 14 12:00:00 AM,,"13,47826087"
CAM NORTE,2017 Mar 11 12:00:00 AM,,20
CAM NORTE,2017 Mar 08 12:00:00 AM,,"14,7826087"
CAM NORTE,2017 Mar 05 12:00:00 AM,,"33,04347826"
CAM NORTE,2017 Mar 02 12:00:00 AM,,"24,7826087"
CAM NORTE,2017 Feb 28 12:00:00 AM,,"16,52173913"
CAM NORTE,2017 Feb 25 12:00:00 AM,,"18,69565217"
CAM NORTE,2017 Feb 22 12:00:00 AM,,"10,86956522"
CAM NORTE,2017 Feb 19 12:00:00 AM,,"13,04347826"
CAM NORTE,2017 Feb 16 12:00:00 AM,,"25,2173913"
CAM NORTE,2017 Feb 13 12:00:00 AM,,"15,2173913"
CAM NORTE,2017 Feb 10 12:00:00 AM,,"20,86956522"
CAM NORTE,2017 Feb 07 12:00:00 AM,,"17,39130435"
CAM NORTE,2017 Feb 04 12:00:00 AM,,"36,52173913"
CAM NORTE,2017 Feb 01 12:00:00 AM,,"26,95652174"
CAM NORTE,2017 Jan 30 12:00:00 AM,,"30,43478261"
CAM NORTE,2017 Jan 27 12:00:00 AM,,"25,65217391"
CAM NORTE,2017 Jan 24 12:00:00 AM,,"19,56521739"
CAM NORTE,2017 Jan 21 12:00:00 AM,,"16,08695652"
CAM NORTE,2017 Jan 18 12:00:00 AM,,"11,73913043"
CAM NORTE,2017 Jan 15 12:00:00 AM,,"19,13043478"
CAM NORTE,2017 Jan 12 12:00:00 AM,,"21,73913043"
CAM NORTE,2017 Jan 09 12:00:00 AM,,"18,26086957"
CAM NORTE,2017 Jan 06 12:00:00 AM,,30
CAM NORTE,2016 Dec 29 12:00:00 AM,,"24,34782609"
CAM NORTE,2016 Dec 26 12:00:00 AM,,"17,39130435"
CAM NORTE,2016 Dec 23 12:00:00 AM,,"21,73913043"
CAM NORTE,2016 Dec 20 12:00:00 AM,,"24,7826087"
CAM NORTE,2016 Dec 17 12:00:00 AM,,"27,39130435"
CAM NORTE,2016 Dec 14 12:00:00 AM,,"22,60869565"
CAM NORTE,2016 Dec 11 12:00:00 AM,,"27,82608696"
CAM NORTE,2016 Dec 08 12:00:00 AM,,"33,47826087"
CAM NORTE,2016 Dec 05 12:00:00 AM,,"26,52173913"
CAM NORTE,2016 Dec 02 12:00:00 AM,,"13,91304348"
CAM NORTE,2016 Nov 29 12:00:00 AM,,"24,34782609"
CAM NORTE,2016 Nov 26 12:00:00 AM,,"30,86956522"
CAM NORTE,2016 Nov 23 12:00:00 AM,,"21,30434783"
CAM NORTE,2016 Nov 20 12:00:00 AM,,"21,73913043"
CAM NORTE,2016 Nov 17 12:00:00 AM,,"23,04347826"
CAM NORTE,2016 Nov 14 12:00:00 AM,,"27,39130435"
CAM NORTE,2016 Nov 11 12:00:00 AM,,20
CAM NORTE,2016 Nov 08 12:00:00 AM,,"24,34782609"
CAM NORTE,2016 Nov 05 12:00:00 AM,,"22,17391304"
CAM NORTE,2016 Nov 02 12:00:00 AM,,"18,69565217"
CAM NORTE,2016 Oct 31 12:00:00 AM,,"31,73913043"
CAM NORTE,2016 Oct 28 12:00:00 AM,,"22,60869565"
CAM NORTE,2016 Oct 25 12:00:00 AM,,"32,60869565"
CAM NORTE,2016 Oct 22 12:00:00 AM,,"37,82608696"
CAM NORTE,2016 Oct 19 12:00:00 AM,,"26,52173913"
CAM NORTE,2016 Oct 16 12:00:00 AM,,"34,7826087"
CAM NORTE,2016 Oct 13 12:00:00 AM,,30
CAM NORTE,2016 Oct 10 12:00:00 AM,,"43,04347826"
CAM NORTE,2016 Oct 07 12:00:00 AM,,"39,56521739"
CAM NORTE,2016 Oct 04 12:00:00 AM,,"21,30434783"
CAM NORTE,2016 Oct 01 12:00:00 AM,,"27,39130435"
CAM NORTE,2016 Sep 24 12:00:00 AM,,"21,30434783"
CAM NORTE,2016 Sep 22 12:00:00 AM,,"20,43478261"
CAM NORTE,2016 Sep 20 12:00:00 AM,,"36,08695652"
CAM NORTE,2016 Sep 18 12:00:00 AM,,"20,86956522"
CAM NORTE,2016 Sep 16 12:00:00 AM,,"22,60869565"
CAM NORTE,2016 Sep 14 12:00:00 AM,,"24,34782609"
CAM NORTE,2016 Sep 12 12:00:00 AM,,"30,43478261"
CAM NORTE,2016 Sep 10 12:00:00 AM,,"21,30434783"
CAM NORTE,2016 Sep 08 12:00:00 AM,,"26,08695652"
CAM NORTE,2016 Sep 06 12:00:00 AM,,"32,60869565"
CAM NORTE,2016 Sep 04 12:00:00 AM,,"28,69565217"
CAM NORTE,2016 Aug 28 12:00:00 AM,,"25,2173913"
CAM NORTE,2016 Aug 26 12:00:00 AM,,"33,04347826"
CAM NORTE,2016 Aug 24 12:00:00 AM,,"26,08695652"
CAM NORTE,2016 Aug 22 12:00:00 AM,,"31,73913043"
CAM NORTE,2016 Aug 20 12:00:00 AM,,"26,08695652"
CAM NORTE,2016 Aug 18 12:00:00 AM,,"41,73913043"
CAM NORTE,2016 Aug 16 12:00:00 AM,,"26,95652174"
CAM NORTE,2016 Aug 14 12:00:00 AM,,"24,7826087"
CAM NORTE,2016 Aug 12 12:00:00 AM,,"29,2173913"
CAM NORTE,2016 Aug 10 12:00:00 AM,,"23,04347826"
CAM NORTE,2016 Aug 08 12:00:00 AM,,"31,73913043"
CAM NORTE,2016 Jul 24 12:00:00 AM,,"46,08695652"
CAM NORTE,2016 Jul 22 12:00:00 AM,,"28,26086957"
CAM NORTE,2016 Jul 20 12:00:00 AM,,"44,7826087"
CAM NORTE,2016 Jul 18 12:00:00 AM,,"45,65217391"
CAM NORTE,2016 Jul 16 12:00:00 AM,,"37,82608696"
CAM NORTE,2016 Jul 14 12:00:00 AM,,"39,56521739"
CAM NORTE,2016 Jul 12 12:00:00 AM,,"27,39130435"
CAM NORTE,2016 Jul 10 12:00:00 AM,,"26,08695652"
CAM NORTE,2016 Jul 08 12:00:00 AM,,"43,47826087"
CAM NORTE,2016 Jul 06 12:00:00 AM,,"22,60869565"
CAM NORTE,2016 Jul 04 12:00:00 AM,,"37,82608696"
CAM NORTE,2016 Jun 26 12:00:00 AM,,"39,56521739"
CAM NORTE,2016 Jun 24 12:00:00 AM,,"37,82608696"
CAM NORTE,2016 Jun 22 12:00:00 AM,,"41,30434783"
CAM NORTE,2016 Jun 20 12:00:00 AM,,40
CAM NORTE,2016 Jun 18 12:00:00 AM,,"45,2173913"
CAM NORTE,2016 Jun 16 12:00:00 AM,,"43,04347826"
CAM NORTE,2016 Jun 14 12:00:00 AM,,"26,08695652"
CAM NORTE,2016 Jun 12 12:00:00 AM,,"37,39130435"
CAM NORTE,2016 Jun 10 12:00:00 AM,,"24,34782609"
CAM NORTE,2016 Jun 08 12:00:00 AM,,"19,56521739"
CAM NORTE,2016 Jun 06 12:00:00 AM,,"29,56521739"
CAM NORTE,2016 May 22 12:00:00 AM,,"25,65217391"
CAM NORTE,2016 May 20 12:00:00 AM,,"28,69565217"
CAM NORTE,2016 May 18 12:00:00 AM,,"29,56521739"
CAM NORTE,2016 May 16 12:00:00 AM,,"33,91304348"
CAM NORTE,2016 May 14 12:00:00 AM,,"45,2173913"
CAM NORTE,2016 May 12 12:00:00 AM,,"33,04347826"
CAM NORTE,2016 May 10 12:00:00 AM,,"20,86956522"
CAM NORTE,2016 May 08 12:00:00 AM,,30
CAM NORTE,2016 May 06 12:00:00 AM,,"26,95652174"
CAM NORTE,2016 May 04 12:00:00 AM,,"39,13043478"
CAM NORTE,2016 May 02 12:00:00 AM,,"26,08695652"
CAM NORTE,2016 Apr 24 12:00:00 AM,,"33,04347826"
CAM NORTE,2016 Apr 22 12:00:00 AM,,"46,52173913"
CAM NORTE,2016 Apr 20 12:00:00 AM,,"44,34782609"
CAM NORTE,2016 Apr 18 12:00:00 AM,,"31,73913043"
CAM NORTE,2016 Apr 16 12:00:00 AM,,"29,13043478"
CAM NORTE,2016 Apr 14 12:00:00 AM,,"17,82608696"
CAM NORTE,2016 Apr 12 12:00:00 AM,,"21,73913043"
CAM NORTE,2016 Apr 10 12:00:00 AM,,"38,26086957"
CAM NORTE,2016 Apr 08 12:00:00 AM,,"33,91304348"
CAM NORTE,2016 Apr 06 12:00:00 AM,,"40,43478261"
CAM NORTE,2016 Apr 04 12:00:00 AM,,"25,65217391"
CAM NORTE,2016 Mar 27 12:00:00 AM,,"26,08695652"
CAM NORTE,2016 Mar 25 12:00:00 AM,,"38,69565217"
CAM NORTE,2016 Mar 23 12:00:00 AM,,"33,04347826"
CAM NORTE,2016 Mar 21 12:00:00 AM,,"30,86956522"
CAM NORTE,2016 Mar 19 12:00:00 AM,,"40,86956522"
CAM NORTE,2016 Mar 17 12:00:00 AM,,40
CAM NORTE,2016 Mar 15 12:00:00 AM,,"38,26086957"
CAM NORTE,2016 Mar 13 12:00:00 AM,,"43,04347826"
CAM NORTE,2016 Mar 11 12:00:00 AM,,"28,26086957"
CAM NORTE,2016 Mar 09 12:00:00 AM,,"34,34782609"
CAM NORTE,2016 Mar 07 12:00:00 AM,,"27,39130435"
CAM NORTE,2016 Feb 28 12:00:00 AM,,"28,69565217"
CAM NORTE,2016 Feb 26 12:00:00 AM,,"47,39130435"
CAM NORTE,2016 Feb 24 12:00:00 AM,,"32,17391304"
CAM NORTE,2016 Feb 22 12:00:00 AM,,"26,95652174"
CAM NORTE,2016 Feb 20 12:00:00 AM,,"33,04347826"
CAM NORTE,2016 Feb 18 12:00:00 AM,,"20,43478261"
CAM NORTE,2016 Feb 16 12:00:00 AM,,"30,86956522"
CAM NORTE,2016 Feb 14 12:00:00 AM,,"27,82608696"
CAM NORTE,2016 Feb 12 12:00:00 AM,,"21,73913043"
CAM NORTE,2016 Feb 10 12:00:00 AM,,"20,43478261"
CAM NORTE,2016 Feb 08 12:00:00 AM,,"24,7826087"
CAM NORTE,2016 Jan 25 12:00:00 AM,,"35,2173913"
CAM NORTE,2016 Jan 23 12:00:00 AM,,"37,39130435"
CAM NORTE,2016 Jan 21 12:00:00 AM,,"25,2173913"
CAM NORTE,2016 Jan 19 12:00:00 AM,,"27,39130435"
CAM NORTE,2016 Jan 17 12:00:00 AM,,"23,47826087"
CAM NORTE,2016 Jan 15 12:00:00 AM,,"17,39130435"
CAM NORTE,2016 Jan 13 12:00:00 AM,,"47,39130435"
CAM NORTE,2016 Jan 11 12:00:00 AM,,"18,26086957"
CAM NORTE,2016 Jan 09 12:00:00 AM,,"14,7826087"
CAM NORTE,2016 Jan 07 12:00:00 AM,,"48,26086957"
CAM NORTE,2016 Jan 05 12:00:00 AM,,"43,47826087"
CAM NORTE,2015 Dec 30 12:00:00 AM,,"39,56521739"
CAM NORTE,2015 Dec 28 12:00:00 AM,,"33,04347826"
CAM NORTE,2015 Dec 26 12:00:00 AM,,"25,2173913"
CAM NORTE,2015 Dec 24 12:00:00 AM,,"21,73913043"
CAM NORTE,2015 Dec 22 12:00:00 AM,,"32,17391304"
CAM NORTE,2015 Dec 20 12:00:00 AM,,"19,56521739"
CAM NORTE,2015 Dec 18 12:00:00 AM,,"35,2173913"
CAM NORTE,2015 Dec 16 12:00:00 AM,,"26,95652174"
CAM NORTE,2015 Dec 14 12:00:00 AM,,"27,39130435"
CAM NORTE,2015 Dec 12 12:00:00 AM,,"19,56521739"
CAM NORTE,2015 Dec 10 12:00:00 AM,,"23,47826087"
CAM NORTE,2015 Nov 27 12:00:00 AM,,"23,04347826"
CAM NORTE,2015 Nov 25 12:00:00 AM,,"26,95652174"
CAM NORTE,2015 Nov 23 12:00:00 AM,,"21,30434783"
CAM NORTE,2015 Nov 21 12:00:00 AM,,"17,39130435"
CAM NORTE,2015 Nov 19 12:00:00 AM,,"21,30434783"
CAM NORTE,2015 Nov 17 12:00:00 AM,,"25,2173913"
CAM NORTE,2015 Nov 15 12:00:00 AM,,"24,7826087"
CAM NORTE,2015 Nov 13 12:00:00 AM,,"49,13043478"
CAM NORTE,2015 Nov 11 12:00:00 AM,,"31,30434783"
CAM NORTE,2015 Nov 09 12:00:00 AM,,"21,30434783"
CAM NORTE,2015 Nov 07 12:00:00 AM,,"13,47826087"
CAM NORTE,2015 Oct 29 12:00:00 AM,,30
CAM NORTE,2015 Oct 27 12:00:00 AM,,10
CAM NORTE,2015 Oct 25 12:00:00 AM,,"20,86956522"
CAM NORTE,2015 Oct 23 12:00:00 AM,,"28,69565217"
CAM NORTE,2015 Oct 21 12:00:00 AM,,"40,43478261"
CAM NORTE,2015 Oct 19 12:00:00 AM,,"32,17391304"
CAM NORTE,2015 Oct 17 12:00:00 AM,,"21,73913043"
CAM NORTE,2015 Oct 15 12:00:00 AM,,"12,17391304"
CAM NORTE,2015 Oct 13 12:00:00 AM,,"22,60869565"
CAM NORTE,2015 Oct 11 12:00:00 AM,,"23,04347826"
CAM NORTE,2015 Oct 09 12:00:00 AM,,"45,2173913"
CAM NORTE,2015 Sep 25 12:00:00 AM,,"60,86956522"
CAM NORTE,2015 Sep 23 12:00:00 AM,,"47,82608696"
CAM NORTE,2015 Sep 21 12:00:00 AM,,"26,08695652"
CAM NORTE,2015 Sep 19 12:00:00 AM,,"21,30434783"
CAM NORTE,2015 Sep 17 12:00:00 AM,,"36,08695652"
CAM NORTE,2015 Sep 15 12:00:00 AM,,"35,65217391"
CAM NORTE,2015 Sep 13 12:00:00 AM,,"6,52173913"
CAM NORTE,2015 Sep 11 12:00:00 AM,,"23,04347826"
CAM NORTE,2015 Sep 09 12:00:00 AM,,"31,73913043"
CAM NORTE,2015 Sep 07 12:00:00 AM,,"19,56521739"
CAM NORTE,2015 Sep 05 12:00:00 AM,,"46,95652174"
CAM NORTE,2015 Aug 27 12:00:00 AM,,"45,65217391"
CAM NORTE,2015 Aug 25 12:00:00 AM,,"24,7826087"
CAM NORTE,2015 Aug 23 12:00:00 AM,,"21,30434783"
CAM NORTE,2015 Aug 21 12:00:00 AM,,"31,30434783"
CAM NORTE,2015 Aug 19 12:00:00 AM,,"20,86956522"
CAM NORTE,2015 Aug 17 12:00:00 AM,,"12,60869565"
CAM NORTE,2015 Aug 15 12:00:00 AM,,"11,73913043"
CAM NORTE,2015 Aug 13 12:00:00 AM,,"31,30434783"
CAM NORTE,2015 Aug 11 12:00:00 AM,,"60,43478261"
CAM NORTE,2015 Aug 09 12:00:00 AM,,"43,91304348"
CAM NORTE,2015 Aug 07 12:00:00 AM,,"17,82608696"
CAM NORTE,2015 Jul 27 12:00:00 AM,,"34,16666667"
CAM NORTE,2015 Jul 25 12:00:00 AM,,"24,16666667"
CAM NORTE,2015 Jul 23 12:00:00 AM,,"13,75"
CAM NORTE,2015 Jul 21 12:00:00 AM,,15
CAM NORTE,2015 Jul 19 12:00:00 AM,,"13,33333333"
CAM NORTE,2015 Jul 17 12:00:00 AM,,"18,33333333"
CAM NORTE,2015 Jul 15 12:00:00 AM,,10
CAM NORTE,2015 Jul 13 12:00:00 AM,,"15,83333333"
CAM NORTE,2015 Jul 11 12:00:00 AM,,"15,41666667"
CAM NORTE,2015 Jul 09 12:00:00 AM,,"12,08333333"
CAM NORTE,2015 Jul 07 12:00:00 AM,,"14,16666667"
CAM NORTE,2015 Jun 28 12:00:00 AM,,"25,2173913"
CAM NORTE,2015 Jun 26 12:00:00 AM,,30
CAM NORTE,2015 Jun 24 12:00:00 AM,,"28,26086957"
CAM NORTE,2015 Jun 22 12:00:00 AM,,"33,91304348"
CAM NORTE,2015 Jun 20 12:00:00 AM,,"27,39130435"
CAM NORTE,2015 Jun 18 12:00:00 AM,,"39,56521739"
CAM NORTE,2015 Jun 16 12:00:00 AM,,30
CAM NORTE,2015 Jun 14 12:00:00 AM,,"33,47826087"
CAM NORTE,2015 Jun 12 12:00:00 AM,,"44,34782609"
CAM NORTE,2015 Jun 10 12:00:00 AM,,"23,47826087"
CAM NORTE,2015 Jun 08 12:00:00 AM,,"20,43478261"
CAM NORTE,2015 May 24 12:00:00 AM,,"34,34782609"
CAM NORTE,2015 May 22 12:00:00 AM,,"28,69565217"
CAM NORTE,2015 May 20 12:00:00 AM,,"35,65217391"
CAM NORTE,2015 May 18 12:00:00 AM,,"33,47826087"
CAM NORTE,2015 May 16 12:00:00 AM,,"28,26086957"
CAM NORTE,2015 May 14 12:00:00 AM,,"22,17391304"
CAM NORTE,2015 May 12 12:00:00 AM,,"20,43478261"
CAM NORTE,2015 May 10 12:00:00 AM,,"41,30434783"
CAM NORTE,2015 May 08 12:00:00 AM,,"26,52173913"
CAM NORTE,2015 May 06 12:00:00 AM,,"33,47826087"
CAM NORTE,2015 May 04 12:00:00 AM,,"36,52173913"
CAM NORTE,2015 Apr 26 12:00:00 AM,,"36,08695652"
CAM NORTE,2015 Apr 24 12:00:00 AM,,"39,56521739"
CAM NORTE,2015 Apr 22 12:00:00 AM,,"33,04347826"
CAM NORTE,2015 Apr 20 12:00:00 AM,,"28,26086957"
CAM NORTE,2015 Apr 18 12:00:00 AM,,"35,65217391"
CAM NORTE,2015 Apr 16 12:00:00 AM,,"26,08695652"
CAM NORTE,2015 Apr 14 12:00:00 AM,,"34,34782609"
CAM NORTE,2015 Apr 12 12:00:00 AM,,30
CAM NORTE,2015 Apr 10 12:00:00 AM,,"34,34782609"
CAM NORTE,2015 Apr 08 12:00:00 AM,,"21,73913043"
CAM NORTE,2015 Apr 06 12:00:00 AM,,"21,30434783"
CAM NORTE,2015 Mar 22 12:00:00 AM,,"26,08695652"
CAM NORTE,2015 Mar 20 12:00:00 AM,,"37,39130435"
CAM NORTE,2015 Mar 18 12:00:00 AM,,"30,86956522"
CAM NORTE,2015 Mar 16 12:00:00 AM,,"26,08695652"
CAM NORTE,2015 Mar 14 12:00:00 AM,,20
CAM NORTE,2015 Mar 12 12:00:00 AM,,"29,13043478"
CAM NORTE,2015 Mar 10 12:00:00 AM,,"30,86956522"
CAM NORTE,2015 Mar 08 12:00:00 AM,,"17,39130435"
CAM NORTE,2015 Mar 06 12:00:00 AM,,"32,60869565"
CAM NORTE,2015 Mar 04 12:00:00 AM,,"29,13043478"
CAM NORTE,2015 Mar 02 12:00:00 AM,,"34,7826087"
CAM NORTE,2015 Feb 25 12:00:00 AM,,"53,04347826"
CAM NORTE,2015 Feb 23 12:00:00 AM,,"41,73913043"
CAM NORTE,2015 Feb 21 12:00:00 AM,,"40,86956522"
CAM NORTE,2015 Feb 19 12:00:00 AM,,"41,30434783"
CAM NORTE,2015 Feb 17 12:00:00 AM,,"35,65217391"
CAM NORTE,2015 Feb 15 12:00:00 AM,,"36,08695652"
CAM NORTE,2015 Feb 13 12:00:00 AM,,"26,95652174"
CAM NORTE,2015 Feb 11 12:00:00 AM,,"12,17391304"
CAM NORTE,2015 Feb 09 12:00:00 AM,,"38,26086957"
CAM NORTE,2015 Feb 07 12:00:00 AM,,"36,52173913"
CAM NORTE,2015 Feb 05 12:00:00 AM,,"39,13043478"
CAM NORTE,2015 Jan 25 12:00:00 AM,,"23,47826087"
CAM NORTE,2015 Jan 23 12:00:00 AM,,"19,56521739"
CAM NORTE,2015 Jan 21 12:00:00 AM,,"18,26086957"
CAM NORTE,2015 Jan 19 12:00:00 AM,,"33,04347826"
CAM NORTE,2015 Jan 17 12:00:00 AM,,"51,30434783"
CAM NORTE,2015 Jan 15 12:00:00 AM,,"45,2173913"
CAM NORTE,2015 Jan 13 12:00:00 AM,,"26,95652174"
CAM NORTE,2015 Jan 11 12:00:00 AM,,"24,7826087"
CAM NORTE,2015 Jan 09 12:00:00 AM,,"30,43478261"
CAM NORTE,2015 Jan 07 12:00:00 AM,,"21,73913043"
CAM NORTE,2015 Jan 05 12:00:00 AM,,"22,60869565"
CAM NORTE,2014 Dec 30 12:00:00 AM,,"36,52173913"
CAM NORTE,2014 Dec 26 12:00:00 AM,,"27,39130435"
CAM NORTE,2014 Dec 24 12:00:00 AM,,"43,04347826"
CAM NORTE,2014 Dec 22 12:00:00 AM,,"4,34782609"
CAM NORTE,2014 Dec 20 12:00:00 AM,,"33,47826087"
CAM NORTE,2014 Dec 18 12:00:00 AM,,"21,30434783"
CAM NORTE,2014 Dec 16 12:00:00 AM,,"33,91304348"
CAM NORTE,2014 Dec 14 12:00:00 AM,,"11,30434783"
CAM NORTE,2014 Dec 12 12:00:00 AM,,"17,39130435"
CAM NORTE,2014 Dec 10 12:00:00 AM,,"20,86956522"
CAM NORTE,2014 Nov 25 12:00:00 AM,,"38,69565217"
CAM NORTE,2014 Nov 23 12:00:00 AM,,"33,04347826"
CAM NORTE,2014 Nov 21 12:00:00 AM,,"31,73913043"
CAM NORTE,2014 Nov 19 12:00:00 AM,,"33,04347826"
CAM NORTE,2014 Nov 17 12:00:00 AM,,"28,69565217"
CAM NORTE,2014 Nov 15 12:00:00 AM,,"23,91304348"
CAM NORTE,2014 Nov 13 12:00:00 AM,,"34,7826087"
CAM NORTE,2014 Nov 11 12:00:00 AM,,"29,56521739"
CAM NORTE,2014 Nov 09 12:00:00 AM,,"36,95652174"
CAM NORTE,2014 Nov 07 12:00:00 AM,,"20,86956522"
CAM NORTE,2014 Nov 05 12:00:00 AM,,"30,86956522"
CAM NORTE,2014 Nov 03 12:00:00 AM,,"28,26086957"
CAM NORTE,2014 Nov 01 12:00:00 AM,,"31,73913043"
CAM NORTE,2014 Oct 28 12:00:00 AM,,"33,47826087"
CAM NORTE,2014 Oct 25 12:00:00 AM,,"28,69565217"
CAM NORTE,2014 Oct 22 12:00:00 AM,,20
CAM NORTE,2014 Oct 19 12:00:00 AM,,"36,95652174"
CAM NORTE,2014 Oct 16 12:00:00 AM,,"23,04347826"
CAM NORTE,2014 Oct 13 12:00:00 AM,,"33,04347826"
CAM NORTE,2014 Oct 10 12:00:00 AM,,"34,34782609"
CAM NORTE,2014 Oct 07 12:00:00 AM,,"24,7826087"
CAM NORTE,2014 Oct 04 12:00:00 AM,,"29,13043478"
CAM NORTE,2014 Oct 01 12:00:00 AM,,"33,04347826"
CAM NORTE,2014 Sep 29 12:00:00 AM,,"19,56521739"
CAM NORTE,2014 Sep 26 12:00:00 AM,,"17,39130435"
CAM NORTE,2014 Sep 23 12:00:00 AM,,"10,43478261"
CAM NORTE,2014 Sep 20 12:00:00 AM,,"8,69565217"
CAM NORTE,2014 Sep 17 12:00:00 AM,,"14,7826087"
CAM NORTE,2014 Sep 14 12:00:00 AM,,"17,39130435"
CAM NORTE,2014 Sep 11 12:00:00 AM,,"12,60869565"
CAM NORTE,2014 Sep 08 12:00:00 AM,,"13,47826087"
CAM NORTE,2014 Sep 05 12:00:00 AM,,"5,2173913"
CAM NORTE,2014 Sep 02 12:00:00 AM,,"6,95652174"
CAM NORTE,2014 Aug 30 12:00:00 AM,,"21,30434783"
CAM NORTE,2014 Aug 27 12:00:00 AM,,20
CAM NORTE,2014 Aug 24 12:00:00 AM,,"27,82608696"
CAM NORTE,2014 Aug 21 12:00:00 AM,,"16,08695652"
CAM NORTE,2014 Aug 18 12:00:00 AM,,"31,30434783"
CAM NORTE,2014 Aug 15 12:00:00 AM,,"24,34782609"
CAM NORTE,2014 Aug 12 12:00:00 AM,,"29,13043478"
CAM NORTE,2014 Aug 09 12:00:00 AM,,"18,69565217"
CAM NORTE,2014 Aug 06 12:00:00 AM,,"23,04347826"
CAM NORTE,2014 Aug 03 12:00:00 AM,,"21,30434783"
CAM NORTE,2014 Jul 31 12:00:00 AM,,"17,39130435"
CAM NORTE,2014 Jul 28 12:00:00 AM,,"32,60869565"
CAM NORTE,2014 Jul 25 12:00:00 AM,,"19,56521739"
CAM NORTE,2014 Jul 22 12:00:00 AM,,"22,75362319"
CAM NORTE,2014 Jul 19 12:00:00 AM,,"29,56521739"
CAM NORTE,2014 Jul 16 12:00:00 AM,,"15,65217391"
CAM NORTE,2014 Jul 13 12:00:00 AM,,"19,13043478"
CAM NORTE,2014 Jul 10 12:00:00 AM,,20
CAM NORTE,2014 Jun 21 12:00:00 AM,,"14,73214286"
CAM NORTE,2014 Jun 20 12:00:00 AM,,"18,75"
CAM NORTE,2014 Jun 19 12:00:00 AM,,"19,64285714"
CAM NORTE,2014 Jun 18 12:00:00 AM,,"18,30357143"
CAM NORTE,2014 Jun 17 12:00:00 AM,,"15,625"
CAM NORTE,2014 Jun 16 12:00:00 AM,,"17,41071429"
CAM NORTE,2014 Jun 15 12:00:00 AM,,"19,64285714"
CAM NORTE,2014 Jun 14 12:00:00 AM,,"19,64285714"
CAM NORTE,2014 Jun 13 12:00:00 AM,,"12,5"
CAM NORTE,2014 Jun 12 12:00:00 AM,,"15,625"
CAM NORTE,2014 Jun 11 12:00:00 AM,,25
CAM NORTE,2014 Jun 10 12:00:00 AM,,"21,875"
CAM NORTE,2014 Jun 09 12:00:00 AM,,"27,23214286"
CAM NORTE,2014 May 23 12:00:00 AM,,"16,59192825"
CAM NORTE,2014 May 22 12:00:00 AM,,"18,38565022"
CAM NORTE,2014 May 21 12:00:00 AM,,"24,21524664"
CAM NORTE,2014 May 20 12:00:00 AM,,"31,83856502"
CAM NORTE,2014 May 19 12:00:00 AM,,"29,14798206"
CAM NORTE,2014 May 18 12:00:00 AM,,"33,1838565"
CAM NORTE,2014 May 17 12:00:00 AM,,"20,62780269"
CAM NORTE,2014 May 16 12:00:00 AM,,"26,00896861"
CAM NORTE,2014 May 15 12:00:00 AM,,"43,94618834"
CAM NORTE,2014 May 14 12:00:00 AM,,"26,9058296"
CAM NORTE,2014 May 13 12:00:00 AM,,"27,35426009"
CAM NORTE,2014 May 12 12:00:00 AM,,"19,7309417"
CAM NORTE,2014 Apr 28 12:00:00 AM,,"26,9058296"
CAM NORTE,2014 Apr 27 12:00:00 AM,,"13,0044843"
CAM NORTE,2014 Apr 26 12:00:00 AM,,"32,28699552"
CAM NORTE,2014 Apr 25 12:00:00 AM,,"26,4573991"
CAM NORTE,2014 Apr 24 12:00:00 AM,,"13,4529148"
CAM NORTE,2014 Apr 23 12:00:00 AM,,"24,21524664"
CAM NORTE,2014 Apr 22 12:00:00 AM,,"44,39461883"
CAM NORTE,2014 Apr 21 12:00:00 AM,,"27,80269058"
CAM NORTE,2014 Apr 20 12:00:00 AM,,"16,14349776"
CAM NORTE,2014 Apr 19 12:00:00 AM,,"13,0044843"
CAM NORTE,2014 Apr 18 12:00:00 AM,,"13,0044843"
CAM NORTE,2014 Apr 17 12:00:00 AM,,"26,00896861"
CAM NORTE,2014 Apr 16 12:00:00 AM,,"42,60089686"
CAM NORTE,2014 Mar 14 12:00:00 AM,,"30,94170404"
CAM NORTE,2014 Mar 13 12:00:00 AM,,"28,10164425"
CAM NORTE,2014 Mar 12 12:00:00 AM,,"41,25560538"
CAM NORTE,2014 Mar 11 12:00:00 AM,,"25,11210762"
CAM NORTE,2014 Mar 10 12:00:00 AM,,"19,7309417"
CAM NORTE,2014 Mar 09 12:00:00 AM,,"22,86995516"
CAM NORTE,2014 Mar 08 12:00:00 AM,,"35,42600897"
CAM NORTE,2014 Mar 07 12:00:00 AM,,"24,21524664"
CAM NORTE,2014 Mar 06 12:00:00 AM,,"24,21524664"
CAM NORTE,2014 Mar 05 12:00:00 AM,,"36,32286996"
CAM NORTE,2014 Mar 04 12:00:00 AM,,"21,97309417"
CAM NORTE,2014 Mar 03 12:00:00 AM,,"26,4573991"
CAM NORTE,2014 Feb 17 12:00:00 AM,,"60,0896861"
CAM NORTE,2014 Feb 16 12:00:00 AM,,"39,46188341"
CAM NORTE,2014 Feb 15 12:00:00 AM,,"39,46188341"
CAM NORTE,2014 Feb 14 12:00:00 AM,,"32,28699552"
CAM NORTE,2014 Feb 13 12:00:00 AM,,"55,15695067"
CAM NORTE,2014 Feb 12 12:00:00 AM,,"54,70852018"
CAM NORTE,2014 Feb 11 12:00:00 AM,,"56,95067265"
CAM NORTE,2014 Feb 10 12:00:00 AM,,"55,15695067"
CAM NORTE,2014 Feb 09 12:00:00 AM,,"33,632287"
CAM NORTE,2014 Feb 08 12:00:00 AM,,"46,6367713"
CAM NORTE,2014 Feb 07 12:00:00 AM,,"58,74439462"
CAM NORTE,2014 Feb 06 12:00:00 AM,,"48,87892377"
CAM NORTE,2014 Jan 25 12:00:00 AM,,"20,26431718"
CAM NORTE,2014 Jan 24 12:00:00 AM,,"33,48017621"
CAM NORTE,2014 Jan 23 12:00:00 AM,,"35,68281938"
CAM NORTE,2014 Jan 22 12:00:00 AM,,"39,64757709"
CAM NORTE,2014 Jan 21 12:00:00 AM,,"34,80176211"
CAM NORTE,2014 Jan 20 12:00:00 AM,,"36,12334802"
CAM NORTE,2014 Jan 19 12:00:00 AM,,"26,8722467"
CAM NORTE,2014 Jan 18 12:00:00 AM,,"33,48017621"
CAM NORTE,2014 Jan 17 12:00:00 AM,,"38,32599119"
CAM NORTE,2014 Jan 16 12:00:00 AM,,"29,95594714"
CAM NORTE,2014 Jan 15 12:00:00 AM,,"35,24229075"
CAM NORTE,2014 Jan 14 12:00:00 AM,,"30,83700441"
CAM NORTE,2014 Jan 13 12:00:00 AM,,"43,6123348"
CAM NORTE,2013 Dec 14 12:00:00 AM,,"27,55555556"
CAM NORTE,2013 Dec 13 12:00:00 AM,,"31,11111111"
CAM NORTE,2013 Dec 12 12:00:00 AM,,28
CAM NORTE,2013 Dec 11 12:00:00 AM,,"36,2962963"
CAM NORTE,2013 Dec 10 12:00:00 AM,,"23,11111111"
CAM NORTE,2013 Dec 09 12:00:00 AM,,"22,22222222"
CAM NORTE,2013 Dec 08 12:00:00 AM,,"20,88888889"
CAM NORTE,2013 Dec 07 12:00:00 AM,,"24,88888889"
CAM NORTE,2013 Dec 06 12:00:00 AM,,"26,66666667"
CAM NORTE,2013 Dec 05 12:00:00 AM,,"21,33333333"
CAM NORTE,2013 Dec 04 12:00:00 AM,,"25,33333333"
CAM NORTE,2013 Nov 17 12:00:00 AM,,"33,77777778"
CAM NORTE,2013 Nov 16 12:00:00 AM,,40
CAM NORTE,2013 Nov 15 12:00:00 AM,,"34,22222222"
CAM NORTE,2013 Nov 14 12:00:00 AM,,"19,55555556"
CAM NORTE,2013 Nov 13 12:00:00 AM,,"44,44444444"
CAM NORTE,2013 Nov 12 12:00:00 AM,,36
CAM NORTE,2013 Nov 11 12:00:00 AM,,"24,44444444"
CAM NORTE,2013 Nov 10 12:00:00 AM,,12
CAM NORTE,2013 Nov 09 12:00:00 AM,,"19,55555556"
CAM NORTE,2013 Nov 08 12:00:00 AM,,"21,02222222"
CAM NORTE,2013 Nov 07 12:00:00 AM,,"14,66666667"
CAM NORTE,2013 Oct 17 12:00:00 AM,,"29,33333333"
CAM NORTE,2013 Oct 16 12:00:00 AM,,"35,11111111"
CAM NORTE,2013 Oct 15 12:00:00 AM,,"29,77777778"
CAM NORTE,2013 Oct 14 12:00:00 AM,,"18,22222222"
CAM NORTE,2013 Oct 13 12:00:00 AM,,"23,55555556"
CAM NORTE,2013 Oct 12 12:00:00 AM,,"34,66666667"
CAM NORTE,2013 Oct 11 12:00:00 AM,,"43,11111111"
CAM NORTE,2013 Oct 10 12:00:00 AM,,"53,33333333"
CAM NORTE,2013 Oct 09 12:00:00 AM,,"47,11111111"
CAM NORTE,2013 Oct 08 12:00:00 AM,,"28,88888889"
CAM NORTE,2013 Sep 15 12:00:00 AM,,20
CAM NORTE,2013 Sep 14 12:00:00 AM,,"19,11111111"
CAM NORTE,2013 Sep 13 12:00:00 AM,,"20,88888889"
CAM NORTE,2013 Sep 12 12:00:00 AM,,"33,33333333"
CAM NORTE,2013 Sep 11 12:00:00 AM,,"33,77777778"
CAM NORTE,2013 Sep 10 12:00:00 AM,,"19,55555556"
CAM NORTE,2013 Sep 09 12:00:00 AM,,"31,55555556"
CAM NORTE,2013 Sep 08 12:00:00 AM,,"16,44444444"
CAM NORTE,2013 Sep 07 12:00:00 AM,,"27,55555556"
CAM NORTE,2013 Sep 06 12:00:00 AM,,"31,55555556"
CAM NORTE,2013 Sep 05 12:00:00 AM,,"40,44444444"
CAM NORTE,2013 Sep 04 12:00:00 AM,,24
CAM NORTE,2013 Sep 03 12:00:00 AM,,"21,77777778"
CAM NORTE,2013 Aug 15 12:00:00 AM,,"17,33333333"
CAM NORTE,2013 Aug 14 12:00:00 AM,,"17,77777778"
CAM NORTE,2013 Aug 13 12:00:00 AM,,"23,11111111"
CAM NORTE,2013 Aug 12 12:00:00 AM,,"28,44444444"
CAM NORTE,2013 Aug 11 12:00:00 AM,,"21,33333333"
CAM NORTE,2013 Aug 10 12:00:00 AM,,"16,88888889"
CAM NORTE,2013 Aug 09 12:00:00 AM,,"41,77777778"
CAM NORTE,2013 Aug 08 12:00:00 AM,,"49,33333333"
CAM NORTE,2013 Aug 07 12:00:00 AM,,"38,66666667"
CAM NORTE,2013 Aug 06 12:00:00 AM,,28
CAM NORTE,2013 Aug 05 12:00:00 AM,,"29,77777778"
CAM NORTE,2013 Aug 04 12:00:00 AM,,"27,55555556"
CAM NORTE,2013 Aug 03 12:00:00 AM,,"20,44444444"
CAM NORTE,2013 Jul 25 12:00:00 AM,,"15,04424779"
CAM NORTE,2013 Jul 24 12:00:00 AM,,"26,99115044"
CAM NORTE,2013 Jul 23 12:00:00 AM,,"19,46902655"
CAM NORTE,2013 Jul 22 12:00:00 AM,,"33,18584071"
CAM NORTE,2013 Jul 21 12:00:00 AM,,"23,45132743"
CAM NORTE,2013 Jul 20 12:00:00 AM,,"30,08849558"
CAM NORTE,2013 Jul 19 12:00:00 AM,,"32,30088496"
CAM NORTE,2013 Jul 18 12:00:00 AM,,"15,04424779"
CAM NORTE,2013 Jul 17 12:00:00 AM,,"12,38938053"
CAM NORTE,2013 Jul 16 12:00:00 AM,,"17,25663717"
CAM NORTE,2013 Jul 15 12:00:00 AM,,"17,25663717"
CAM NORTE,2013 Jul 14 12:00:00 AM,,"25,66371681"
CAM NORTE,2013 Jul 13 12:00:00 AM,,"20,79646018"
CAM NORTE,2013 Jul 02 12:00:00 AM,,"36,28318584"
CAM NORTE,2013 Jul 01 12:00:00 AM,,"19,46902655"
CAM NORTE,2013 Jun 30 12:00:00 AM,,"14,60176991"
CAM NORTE,2013 Jun 29 12:00:00 AM,,"36,28318584"
CAM NORTE,2013 Jun 28 12:00:00 AM,,"27,43362832"
CAM NORTE,2013 Jun 27 12:00:00 AM,,"30,53097345"
CAM NORTE,2013 Jun 26 12:00:00 AM,,"36,28318584"
CAM NORTE,2013 Jun 25 12:00:00 AM,,"38,9380531"
CAM NORTE,2013 Jun 24 12:00:00 AM,,"35,39823009"
CAM NORTE,2013 Jun 23 12:00:00 AM,,"31,4159292"
CAM NORTE,2013 Jun 22 12:00:00 AM,,50
CAM NORTE,2013 Jun 21 12:00:00 AM,,"46,46017699"
CAM NORTE,2013 Jun 20 12:00:00 AM,,"35,39823009"
CAM NORTE,2013 May 02 12:00:00 AM,,"31,69642857"
CAM NORTE,2013 May 01 12:00:00 AM,,"31,25"
CAM NORTE,2013 Apr 30 12:00:00 AM,,"29,91071429"
CAM NORTE,2013 Apr 29 12:00:00 AM,,"21,42857143"
CAM NORTE,2013 Apr 28 12:00:00 AM,,"23,21428571"
CAM NORTE,2013 Apr 27 12:00:00 AM,,"53,57142857"
CAM NORTE,2013 Apr 26 12:00:00 AM,,"44,64285714"
CAM NORTE,2013 Apr 23 12:00:00 AM,,"29,46428571"
CAM NORTE,2013 Apr 22 12:00:00 AM,,"12,5"
CAM NORTE,2013 Apr 21 12:00:00 AM,,"20,08928571"
CAM NORTE,2013 Apr 20 12:00:00 AM,,"16,07142857"
CAM NORTE,2013 Apr 19 12:00:00 AM,,"19,19642857"
CAM NORTE,2013 Apr 18 12:00:00 AM,,"26,33928571"
CAM NORTE,2013 Mar 25 12:00:00 AM,,"31,75965665"
CAM NORTE,2013 Mar 24 12:00:00 AM,,"33,47639485"
CAM NORTE,2013 Mar 23 12:00:00 AM,,"36,4806867"
CAM NORTE,2013 Mar 22 12:00:00 AM,,"34,33476395"
CAM NORTE,2013 Mar 21 12:00:00 AM,,"27,89699571"
CAM NORTE,2013 Mar 20 12:00:00 AM,,"47,63948498"
CAM NORTE,2013 Mar 19 12:00:00 AM,,"22,31759657"
CAM NORTE,2013 Mar 18 12:00:00 AM,,"43,34763949"
CAM NORTE,2013 Mar 17 12:00:00 AM,,"55,36480687"
CAM NORTE,2013 Mar 16 12:00:00 AM,,"40,34334764"
CAM NORTE,2013 Mar 15 12:00:00 AM,,"33,0472103"
CAM NORTE,2013 Mar 14 12:00:00 AM,,"39,91416309"
CAM NORTE,2013 Mar 13 12:00:00 AM,,"34,7639485"
CAM NORTE,2013 Feb 19 12:00:00 AM,,"40,52863436"
CAM NORTE,2013 Feb 18 12:00:00 AM,,"45,81497797"
CAM NORTE,2013 Feb 17 12:00:00 AM,,"66,07929515"
CAM NORTE,2013 Feb 16 12:00:00 AM,,"65,19823789"
CAM NORTE,2013 Feb 15 12:00:00 AM,,"34,36123348"
CAM NORTE,2013 Feb 14 12:00:00 AM,,"12,7753304"
CAM NORTE,2013 Feb 13 12:00:00 AM,,"24,66960352"
CAM NORTE,2013 Feb 12 12:00:00 AM,,"41,85022026"
CAM NORTE,2013 Feb 11 12:00:00 AM,,"9,69162996"
CAM NORTE,2013 Feb 10 12:00:00 AM,,"38,32599119"
CAM NORTE,2013 Feb 09 12:00:00 AM,,"30,83700441"
CAM NORTE,2013 Feb 08 12:00:00 AM,,"45,81497797"
CAM NORTE,2013 Feb 07 12:00:00 AM,,"46,25550661"
CAM NORTE,2013 Jan 31 12:00:00 AM,,"51,98237885"
CAM NORTE,2013 Jan 30 12:00:00 AM,,"48,01762115"
CAM NORTE,2013 Jan 29 12:00:00 AM,,"48,45814978"
CAM NORTE,2013 Jan 28 12:00:00 AM,,"34,80176211"
CAM NORTE,2013 Jan 27 12:00:00 AM,,"38,32599119"
CAM NORTE,2013 Jan 26 12:00:00 AM,,"19,82378855"
CAM NORTE,2013 Jan 25 12:00:00 AM,,"33,48017621"
CAM NORTE,2013 Jan 24 12:00:00 AM,,"42,73127753"
CAM NORTE,2013 Jan 23 12:00:00 AM,,"47,57709251"
CAM NORTE,2013 Jan 22 12:00:00 AM,,"56,82819383"
CAM NORTE,2013 Jan 21 12:00:00 AM,,"46,25550661"
CAM NORTE,2013 Jan 20 12:00:00 AM,,"43,6123348"
CAM NORTE,2013 Jan 19 12:00:00 AM,,"22,46696035"
CAM NORTE,2012 Dec 27 12:00:00 AM,,"10,52631579"
CAM NORTE,2012 Dec 26 12:00:00 AM,,"19,73684211"
CAM NORTE,2012 Dec 25 12:00:00 AM,,"20,61403509"
CAM NORTE,2012 Dec 24 12:00:00 AM,,"7,89473684"
CAM NORTE,2012 Dec 23 12:00:00 AM,,"7,89473684"
CAM NORTE,2012 Dec 22 12:00:00 AM,,"19,29824561"
CAM NORTE,2012 Dec 21 12:00:00 AM,,"25,43859649"
CAM NORTE,2012 Dec 20 12:00:00 AM,,"30,70175439"
CAM NORTE,2012 Dec 19 12:00:00 AM,,"19,73684211"
CAM NORTE,2012 Dec 18 12:00:00 AM,,"13,15789474"
CAM NORTE,2012 Dec 17 12:00:00 AM,,"12,28070175"
CAM NORTE,2012 Dec 16 12:00:00 AM,,"3,07017544"
CAM NORTE,2012 Dec 15 12:00:00 AM,,"4,8245614"
CAM NORTE,2012 Nov 02 12:00:00 AM,,"25,69750367"
CAM NORTE,2012 Nov 01 12:00:00 AM,,"21,87958884"
CAM NORTE,2012 Oct 31 12:00:00 AM,,"35,97650514"
CAM NORTE,2012 Oct 30 12:00:00 AM,,"23,05433186"
CAM NORTE,2012 Oct 29 12:00:00 AM,,"27,60646109"
CAM NORTE,2012 Oct 28 12:00:00 AM,,"20,41116006"
CAM NORTE,2012 Oct 27 12:00:00 AM,,"43,6123348"
CAM NORTE,2012 Oct 26 12:00:00 AM,,"38,61967695"
CAM NORTE,2012 Oct 10 12:00:00 AM,,"32,59911894"
CAM NORTE,2012 Oct 09 12:00:00 AM,,"34,80176211"
CAM NORTE,2012 Oct 08 12:00:00 AM,,"27,31277533"
CAM NORTE,2012 Oct 07 12:00:00 AM,,"19,38325991"
CAM NORTE,2012 Oct 06 12:00:00 AM,,"4,84581498"
CAM NORTE,2012 Oct 05 12:00:00 AM,,"21,58590308"
CAM NORTE,2012 Oct 04 12:00:00 AM,,"43,17180617"
CAM NORTE,2012 Oct 03 12:00:00 AM,,"29,95594714"
CAM NORTE,2012 Oct 02 12:00:00 AM,,"46,69603524"
CAM NORTE,2012 Oct 01 12:00:00 AM,,"39,20704846"
CAM NORTE,2012 Sep 30 12:00:00 AM,,"20,70484582"
CAM NORTE,2012 Sep 29 12:00:00 AM,,"21,14537445"
CAM NORTE,2012 Sep 28 12:00:00 AM,,"16,74008811"
CAM NORTE,2012 Sep 12 12:00:00 AM,,"7,07964602"
CAM NORTE,2012 Sep 11 12:00:00 AM,,"17,25663717"
CAM NORTE,2012 Sep 10 12:00:00 AM,,"21,23893805"
CAM NORTE,2012 Sep 09 12:00:00 AM,,"20,3539823"
CAM NORTE,2012 Sep 08 12:00:00 AM,,"16,81415929"
CAM NORTE,2012 Sep 07 12:00:00 AM,,"31,4159292"
CAM NORTE,2012 Sep 06 12:00:00 AM,,"37,16814159"
CAM NORTE,2012 Sep 04 12:00:00 AM,,"16,81415929"
CAM NORTE,2012 Sep 03 12:00:00 AM,,"11,0619469"
CAM NORTE,2012 Sep 02 12:00:00 AM,,"12,83185841"
CAM NORTE,2012 Sep 01 12:00:00 AM,,"12,83185841"
CAM NORTE,2012 Aug 31 12:00:00 AM,,"19,46902655"
CAM NORTE,2012 Aug 15 12:00:00 AM,,28
CAM NORTE,2012 Aug 14 12:00:00 AM,,21
CAM NORTE,2012 Aug 13 12:00:00 AM,,16
CAM NORTE,2012 Aug 12 12:00:00 AM,,49
CAM NORTE,2012 Aug 11 12:00:00 AM,,14
CAM NORTE,2012 Aug 10 12:00:00 AM,,27
CAM NORTE,2012 Aug 09 12:00:00 AM,,21
CAM NORTE,2012 Aug 08 12:00:00 AM,,23
CAM NORTE,2012 Aug 07 12:00:00 AM,,18
CAM NORTE,2012 Aug 06 12:00:00 AM,,23
CAM NORTE,2012 Aug 05 12:00:00 AM,,13
CAM NORTE,2012 Aug 04 12:00:00 AM,,23
CAM NORTE,2012 Aug 03 12:00:00 AM,,36
CAM NORTE,2012 Aug 02 12:00:00 AM,,33
CAM NORTE,2012 Jul 14 12:00:00 AM,,26
CAM NORTE,2012 Jul 13 12:00:00 AM,,12
CAM NORTE,2012 Jul 12 12:00:00 AM,,"10,43478261"
CAM NORTE,2012 Jul 11 12:00:00 AM,,10
CAM NORTE,2012 Jul 10 12:00:00 AM,,"32,17391304"
CAM NORTE,2012 Jul 07 12:00:00 AM,,"6,52173913"
CAM NORTE,2012 Jul 06 12:00:00 AM,,"16,08695652"
CAM NORTE,2012 Jul 05 12:00:00 AM,,0
CAM NORTE,2012 Jul 03 12:00:00 AM,,"33,04347826"
CAM NORTE,2012 Jul 01 12:00:00 AM,,"13,91304348"
CAM NORTE,2012 Jun 30 12:00:00 AM,,"27,82608696"
CAM NORTE,2012 Jun 29 12:00:00 AM,,"29,56521739"
CAM NORTE,2012 Jun 13 12:00:00 AM,,"12,17391304"
CAM NORTE,2012 Jun 12 12:00:00 AM,,"6,08695652"
CAM NORTE,2012 Jun 11 12:00:00 AM,,"6,52173913"
CAM NORTE,2012 Jun 10 12:00:00 AM,,40
CAM NORTE,2012 Jun 09 12:00:00 AM,,"19,13043478"
CAM NORTE,2012 Jun 08 12:00:00 AM,,40
CAM NORTE,2012 Jun 07 12:00:00 AM,,"19,56521739"
CAM NORTE,2012 Jun 05 12:00:00 AM,,"15,2173913"
CAM NORTE,2012 Jun 04 12:00:00 AM,,"46,08695652"
CAM NORTE,2012 Jun 03 12:00:00 AM,,"15,65217391"
CAM NORTE,2012 Jun 02 12:00:00 AM,,"30,43478261"
CAM NORTE,2012 Jun 01 12:00:00 AM,,"34,34782609"
CAM NORTE,2012 May 16 12:00:00 AM,,"32,59911894"
CAM NORTE,2012 May 15 12:00:00 AM,,"45,37444934"
CAM NORTE,2012 May 14 12:00:00 AM,,"23,34801762"
CAM NORTE,2012 May 13 12:00:00 AM,,"6,60792952"
CAM NORTE,2012 May 12 12:00:00 AM,,"26,8722467"
CAM NORTE,2012 May 11 12:00:00 AM,,"22,90748899"
CAM NORTE,2012 May 10 12:00:00 AM,,"35,68281938"
CAM NORTE,2012 May 09 12:00:00 AM,,"27,31277533"
CAM NORTE,2012 May 08 12:00:00 AM,,"15,85903084"
CAM NORTE,2012 May 07 12:00:00 AM,,"41,40969163"
CAM NORTE,2012 May 06 12:00:00 AM,,"28,63436123"
CAM NORTE,2012 May 05 12:00:00 AM,,"37,88546256"
CAM NORTE,2012 May 04 12:00:00 AM,,"10,57268722"
CAM NORTE,2012 May 03 12:00:00 AM,,"16,29955947"
CAM NORTE,2012 Apr 16 12:00:00 AM,,"26,63755459"
CAM NORTE,2012 Apr 15 12:00:00 AM,,"20,96069869"
CAM NORTE,2012 Apr 14 12:00:00 AM,,"29,69432314"
CAM NORTE,2012 Apr 13 12:00:00 AM,,"21,39737991"
CAM NORTE,2012 Apr 12 12:00:00 AM,,"13,97379913"
CAM NORTE,2012 Apr 11 12:00:00 AM,,"5,6768559"
CAM NORTE,2012 Apr 09 12:00:00 AM,,"16,59388646"
CAM NORTE,2012 Apr 08 12:00:00 AM,,"11,79039301"
CAM NORTE,2012 Apr 07 12:00:00 AM,,"17,46724891"
CAM NORTE,2012 Apr 06 12:00:00 AM,,"25,76419214"
CAM NORTE,2012 Apr 05 12:00:00 AM,,"8,73362445"
CAM NORTE,2012 Apr 04 12:00:00 AM,,"30,56768559"
CAM NORTE,2012 Apr 03 12:00:00 AM,,"40,61135371"
CAM NORTE,2012 Mar 21 12:00:00 AM,,"36,12334802"
CAM NORTE,2012 Mar 20 12:00:00 AM,,"21,14537445"
CAM NORTE,2012 Mar 19 12:00:00 AM,,"16,29955947"
CAM NORTE,2012 Mar 18 12:00:00 AM,,"18,06167401"
CAM NORTE,2012 Mar 17 12:00:00 AM,,"26,43171806"
CAM NORTE,2012 Mar 16 12:00:00 AM,,"28,1938326"
CAM NORTE,2012 Mar 15 12:00:00 AM,,"44,05286344"
CAM NORTE,2012 Mar 14 12:00:00 AM,,"40,08810573"
CAM NORTE,2012 Feb 13 12:00:00 AM,,"34,51327434"
CAM NORTE,2012 Feb 12 12:00:00 AM,,"21,68141593"
CAM NORTE,2012 Feb 11 12:00:00 AM,,"17,25663717"
CAM NORTE,2012 Feb 10 12:00:00 AM,,"23,89380531"
CAM NORTE,2012 Feb 09 12:00:00 AM,,"23,00884956"
CAM NORTE,2012 Feb 08 12:00:00 AM,,"9,2920354"
CAM NORTE,2012 Feb 07 12:00:00 AM,,"20,3539823"
CAM NORTE,2012 Feb 06 12:00:00 AM,,"10,61946903"
CAM NORTE,2012 Feb 05 12:00:00 AM,,"25,66371681"
CAM NORTE,2012 Feb 04 12:00:00 AM,,"51,32743363"
CAM NORTE,2012 Feb 03 12:00:00 AM,,"46,90265487"
CAM NORTE,2012 Feb 02 12:00:00 AM,,"30,08849558"
CAM NORTE,2012 Feb 01 12:00:00 AM,,"41,15044248"
CAM NORTE,2012 Jan 16 12:00:00 AM,,"32,15859031"
CAM NORTE,2012 Jan 15 12:00:00 AM,,"29,95594714"
CAM NORTE,2012 Jan 14 12:00:00 AM,,"39,64757709"
CAM NORTE,2012 Jan 13 12:00:00 AM,,"37,00440529"
CAM NORTE,2012 Jan 12 12:00:00 AM,,"22,02643172"
CAM NORTE,2012 Jan 11 12:00:00 AM,,"23,34801762"
CAM NORTE,2012 Jan 10 12:00:00 AM,,"17,62114537"
CAM NORTE,2012 Jan 09 12:00:00 AM,,"13,65638767"
CAM NORTE,2012 Jan 07 12:00:00 AM,,"2,64317181"
CAM NORTE,2012 Jan 05 12:00:00 AM,,"29,07488987"
CAM NORTE,2012 Jan 03 12:00:00 AM,,"36,12334802"
CAM NORTE,2012 Jan 01 12:00:00 AM,,"51,54185022"
CAM NORTE,2011 Dec 30 12:00:00 AM,,"69,16299559"
CAM NORTE,2011 Dec 29 12:00:00 AM,,"44,73684211"
CAM NORTE,2011 Dec 28 12:00:00 AM,,"44,97816594"
CAM NORTE,2011 Dec 27 12:00:00 AM,,"45,41484716"
CAM NORTE,2011 Dec 18 12:00:00 AM,,"15,78947368"
CAM NORTE,2011 Dec 16 12:00:00 AM,,"11,45374449"
CAM NORTE,2011 Dec 14 12:00:00 AM,,"19,85815603"
CAM NORTE,2011 Dec 12 12:00:00 AM,,"13,83928571"
CAM NORTE,2011 Dec 10 12:00:00 AM,,"19,46902655"
CAM NORTE,2011 Dec 08 12:00:00 AM,,"7,92951542"
CAM NORTE,2011 Dec 06 12:00:00 AM,,"5,28634361"
CAM NORTE,2011 Dec 04 12:00:00 AM,,"16,74008811"
CAM NORTE,2011 Dec 02 12:00:00 AM,,"17,77777778"
CAM NORTE,2011 Nov 30 12:00:00 AM,,"18,06167401"
CAM NORTE,2011 Nov 28 12:00:00 AM,,"20,70484582"
CAM NORTE,2011 Nov 26 12:00:00 AM,,"24,66960352"
CAM NORTE,2011 Nov 24 12:00:00 AM,,"11,01321586"
CAM NORTE,2011 Nov 22 12:00:00 AM,,"15,85903084"
CAM NORTE,2011 Nov 20 12:00:00 AM,,"13,21585903"
CAM NORTE,2011 Nov 18 12:00:00 AM,,"10,57268722"
CAM NORTE,2011 Nov 16 12:00:00 AM,,"22,90748899"
CAM NORTE,2011 Nov 14 12:00:00 AM,,"19,82378855"
CAM NORTE,2011 Nov 12 12:00:00 AM,,"11,45374449"
CAM NORTE,2011 Nov 10 12:00:00 AM,,"25,11013216"
CAM NORTE,2011 Nov 08 12:00:00 AM,,"15,2173913"
CAM NORTE,2011 Nov 06 12:00:00 AM,,"11,40350877"
CAM NORTE,2011 Nov 04 12:00:00 AM,,"24,66960352"
CAM NORTE,2011 Nov 02 12:00:00 AM,,"38,66666667"
CAM NORTE,2011 Oct 31 12:00:00 AM,,"42,92035398"
CAM NORTE,2011 Oct 29 12:00:00 AM,,"30,39647577"
CAM NORTE,2011 Oct 27 12:00:00 AM,,"31,4159292"
CAM NORTE,2011 Oct 25 12:00:00 AM,,"22,46696035"
CAM NORTE,2011 Oct 23 12:00:00 AM,,"32,45614035"
CAM NORTE,2011 Oct 21 12:00:00 AM,,"40,17467249"
CAM NORTE,2011 Oct 19 12:00:00 AM,,"13,10043668"
CAM NORTE,2011 Oct 17 12:00:00 AM,,"11,84210526"
CAM NORTE,2011 Oct 15 12:00:00 AM,,"10,57268722"
CAM NORTE,2011 Oct 13 12:00:00 AM,,"29,78723404"
CAM NORTE,2011 Oct 11 12:00:00 AM,,"40,17857143"
CAM NORTE,2011 Oct 09 12:00:00 AM,,"24,77876106"
CAM NORTE,2011 Oct 07 12:00:00 AM,,"32,15859031"
CAM NORTE,2011 Oct 05 12:00:00 AM,,"20,70484582"
CAM NORTE,2011 Oct 03 12:00:00 AM,,"21,58590308"
CAM NORTE,2011 Oct 01 12:00:00 AM,,"33,33333333"
CAM NORTE,2011 Sep 29 12:00:00 AM,,22
CAM NORTE,2011 Sep 27 12:00:00 AM,,43
CAM NORTE,2011 Sep 25 12:00:00 AM,,15
CAM NORTE,2011 Sep 23 12:00:00 AM,,44
CAM NORTE,2011 Sep 21 12:00:00 AM,,31
CAM NORTE,2011 Sep 19 12:00:00 AM,,19
CAM NORTE,2011 Sep 17 12:00:00 AM,,25
CAM NORTE,2011 Sep 15 12:00:00 AM,,32
CAM NORTE,2011 Sep 13 12:00:00 AM,,21
CAM NORTE,2011 Sep 11 12:00:00 AM,,18
CAM NORTE,2011 Sep 09 12:00:00 AM,,30
CAM NORTE,2011 Sep 07 12:00:00 AM,,45
CAM NORTE,2011 Sep 05 12:00:00 AM,,35
CAM NORTE,2011 Sep 03 12:00:00 AM,,32
CAM NORTE,2011 Sep 01 12:00:00 AM,,29
CAM NORTE,2011 Aug 30 12:00:00 AM,,"30,53097345"
CAM NORTE,2011 Aug 28 12:00:00 AM,,"22,90748899"
CAM NORTE,2011 Aug 26 12:00:00 AM,,"23,68421053"
CAM NORTE,2011 Aug 24 12:00:00 AM,,"20,70484582"
CAM NORTE,2011 Aug 22 12:00:00 AM,,"26,8722467"
CAM NORTE,2011 Aug 20 12:00:00 AM,,"17,62114537"
CAM NORTE,2011 Aug 18 12:00:00 AM,,"48,67256637"
CAM NORTE,2011 Aug 16 12:00:00 AM,,"33,03964758"
CAM NORTE,2011 Aug 14 12:00:00 AM,,"24,33628319"
CAM NORTE,2011 Aug 12 12:00:00 AM,,"48,01762115"
CAM NORTE,2011 Aug 10 12:00:00 AM,,"27,75330396"
CAM NORTE,2011 Aug 08 12:00:00 AM,,"28,1938326"
CAM NORTE,2011 Aug 06 12:00:00 AM,,"22,76785714"
CAM NORTE,2011 Aug 04 12:00:00 AM,,"46,92982456"
CAM NORTE,2011 Aug 02 12:00:00 AM,,"45,13274336"
CAM NORTE,2011 Jul 31 12:00:00 AM,,"17,46724891"
CAM NORTE,2011 Jul 29 12:00:00 AM,,"31,44104803"
CAM NORTE,2011 Jul 27 12:00:00 AM,,"26,43171806"
CAM NORTE,2011 Jul 25 12:00:00 AM,,"19,38325991"
CAM NORTE,2011 Jul 23 12:00:00 AM,,"18,85964912"
CAM NORTE,2011 Jul 21 12:00:00 AM,,"28,1938326"
CAM NORTE,2011 Jul 19 12:00:00 AM,,"18,06167401"
CAM NORTE,2011 Jul 17 12:00:00 AM,,"23,68421053"
CAM NORTE,2011 Jul 15 12:00:00 AM,,"12,71929825"
CAM NORTE,2011 Jul 13 12:00:00 AM,,"21,83406114"
CAM NORTE,2011 Jul 11 12:00:00 AM,,"14,9122807"
CAM NORTE,2011 Jul 09 12:00:00 AM,,"41,40969163"
CAM NORTE,2011 Jul 07 12:00:00 AM,,"27,63157895"
CAM NORTE,2011 Jul 05 12:00:00 AM,,"22,80701754"
CAM NORTE,2011 Jul 03 12:00:00 AM,,"28,50877193"
CAM NORTE,2011 Jul 01 12:00:00 AM,,"32,89473684"
CAM NORTE,2011 Jun 29 12:00:00 AM,,43
CAM NORTE,2011 Jun 27 12:00:00 AM,,10
CAM NORTE,2011 Jun 25 12:00:00 AM,,22
CAM NORTE,2011 Jun 23 12:00:00 AM,,23
CAM NORTE,2011 Jun 21 12:00:00 AM,,31
CAM NORTE,2011 Jun 19 12:00:00 AM,,23
CAM NORTE,2011 Jun 17 12:00:00 AM,,47
CAM NORTE,2011 Jun 15 12:00:00 AM,,19
CAM NORTE,2011 Jun 13 12:00:00 AM,,12
CAM NORTE,2011 Jun 11 12:00:00 AM,,10
CAM NORTE,2011 Jun 09 12:00:00 AM,,42
CAM NORTE,2011 Jun 07 12:00:00 AM,,19
CAM NORTE,2011 Jun 05 12:00:00 AM,,34
CAM NORTE,2011 Jun 03 12:00:00 AM,,8
CAM NORTE,2011 Jun 01 12:00:00 AM,,38
CAM NORTE,2011 May 30 12:00:00 AM,,8
CAM NORTE,2011 May 28 12:00:00 AM,,16
CAM NORTE,2011 May 26 12:00:00 AM,,13
CAM NORTE,2011 May 24 12:00:00 AM,,31
CAM NORTE,2011 May 20 12:00:00 AM,,34
CAM NORTE,2011 May 18 12:00:00 AM,,20
CAM NORTE,2011 May 16 12:00:00 AM,,17
CAM NORTE,2011 May 13 12:00:00 AM,,27
CAM NORTE,2011 May 08 12:00:00 AM,,16
CAM NORTE,2011 May 04 12:00:00 AM,,9
CAM NORTE,2011 Mar 05 12:00:00 AM,,11
CAM NORTE,2011 Mar 03 12:00:00 AM,,65
CAM NORTE,2011 Mar 01 12:00:00 AM,,38
CAM NORTE,2011 Feb 26 12:00:00 AM,,13
CAM NORTE,2011 Feb 23 12:00:00 AM,,30
CAM NORTE,2011 Feb 20 12:00:00 AM,,76
CAM NORTE,2011 Feb 17 12:00:00 AM,,12
CAM NORTE,2011 Feb 14 12:00:00 AM,,53
CAM NORTE,2011 Feb 11 12:00:00 AM,,35
CAM NORTE,2011 Feb 08 12:00:00 AM,,41
CAM NORTE,2011 Feb 05 12:00:00 AM,,34
CAM NORTE,2010 Dec 31 12:00:00 AM,,34
CAM NORTE,2010 Dec 28 12:00:00 AM,,54
CAM NORTE,2010 Dec 25 12:00:00 AM,,24
CAM NORTE,2010 Dec 22 12:00:00 AM,,24
CAM NORTE,2010 Dec 19 12:00:00 AM,,28
CAM NORTE,2010 Dec 16 12:00:00 AM,,85
CAM NORTE,2010 Dec 13 12:00:00 AM,,29
CAM NORTE,2010 Dec 10 12:00:00 AM,,26
CAM NORTE,2010 Dec 07 12:00:00 AM,,27
CAM NORTE,2010 Dec 04 12:00:00 AM,,38
CAM NORTE,2010 Dec 01 12:00:00 AM,,27
CAM NORTE,2010 Nov 29 12:00:00 AM,,22
CAM NORTE,2010 Nov 27 12:00:00 AM,,19
CAM NORTE,2010 Nov 25 12:00:00 AM,,28
CAM NORTE,2010 Nov 23 12:00:00 AM,,37
CAM NORTE,2010 Nov 21 12:00:00 AM,,33
CAM NORTE,2010 Nov 19 12:00:00 AM,,10
CAM NORTE,2010 Nov 15 12:00:00 AM,,16
CAM NORTE,2010 Nov 12 12:00:00 AM,,39
CAM NORTE,2010 Nov 09 12:00:00 AM,,23
CAM NORTE,2010 Nov 06 12:00:00 AM,,75
CAM NORTE,2010 Nov 03 12:00:00 AM,,11
CAM NORTE,2010 Oct 29 12:00:00 AM,,14
CAM NORTE,2010 Oct 28 12:00:00 AM,,16
CAM NORTE,2010 Oct 26 12:00:00 AM,,23
CAM NORTE,2010 Oct 25 12:00:00 AM,,19
